-- MySQL dump 10.13  Distrib 8.0.43, for Win64 (x86_64)
--
-- Host: localhost    Database: check
-- ------------------------------------------------------
-- Server version	8.0.43

/*!40101 SET @OLD_CHARACTER_SET_CLIENT=@@CHARACTER_SET_CLIENT */;
/*!40101 SET @OLD_CHARACTER_SET_RESULTS=@@CHARACTER_SET_RESULTS */;
/*!40101 SET @OLD_COLLATION_CONNECTION=@@COLLATION_CONNECTION */;
/*!50503 SET NAMES utf8mb4 */;
/*!40103 SET @OLD_TIME_ZONE=@@TIME_ZONE */;
/*!40103 SET TIME_ZONE='+00:00' */;
/*!40014 SET @OLD_UNIQUE_CHECKS=@@UNIQUE_CHECKS, UNIQUE_CHECKS=0 */;
/*!40014 SET @OLD_FOREIGN_KEY_CHECKS=@@FOREIGN_KEY_CHECKS, FOREIGN_KEY_CHECKS=0 */;
/*!40101 SET @OLD_SQL_MODE=@@SQL_MODE, SQL_MODE='NO_AUTO_VALUE_ON_ZERO' */;
/*!40111 SET @OLD_SQL_NOTES=@@SQL_NOTES, SQL_NOTES=0 */;

--
-- Table structure for table `cooperative_item_checks`
--
-- 创建数据库（如果不存在）
CREATE DATABASE IF NOT EXISTS `check` DEFAULT CHARACTER SET utf8mb4 COLLATE utf8mb4_unicode_ci;

-- 选择数据库
USE `check`;

-- 设置字符集
SET NAMES utf8mb4;
SET FOREIGN_KEY_CHECKS = 0;
DROP TABLE IF EXISTS `cooperative_item_checks`;
/*!40101 SET @saved_cs_client     = @@character_set_client */;
/*!50503 SET character_set_client = utf8mb4 */;
CREATE TABLE `cooperative_item_checks` (
  `id` bigint NOT NULL AUTO_INCREMENT,
  `item_id` bigint NOT NULL COMMENT '物品ID',
  `user_id` int NOT NULL COMMENT '用户ID',
  `checked` tinyint(1) DEFAULT '0' COMMENT '是否已查验：0-否，1-是',
  `created_at` timestamp NULL DEFAULT CURRENT_TIMESTAMP COMMENT '创建时间',
  `updated_at` timestamp NULL DEFAULT CURRENT_TIMESTAMP ON UPDATE CURRENT_TIMESTAMP COMMENT '更新时间',
  `trip_id` int NOT NULL,
  PRIMARY KEY (`id`) USING BTREE,
  UNIQUE KEY `unique_item_user` (`item_id`,`user_id`) USING BTREE,
  KEY `idx_item_id` (`item_id`) USING BTREE,
  KEY `idx_user_id` (`user_id`) USING BTREE,
  CONSTRAINT `cooperative_item_checks_ibfk_1` FOREIGN KEY (`item_id`) REFERENCES `cooperative_items` (`id`) ON DELETE CASCADE ON UPDATE RESTRICT
) ENGINE=InnoDB AUTO_INCREMENT=568 DEFAULT CHARSET=utf8mb4 COLLATE=utf8mb4_0900_ai_ci COMMENT='合作行程物品查验记录表';
/*!40101 SET character_set_client = @saved_cs_client */;

--
-- Dumping data for table `cooperative_item_checks`
--

LOCK TABLES `cooperative_item_checks` WRITE;
/*!40000 ALTER TABLE `cooperative_item_checks` DISABLE KEYS */;
INSERT INTO `cooperative_item_checks` (`id`, `item_id`, `user_id`, `checked`, `created_at`, `updated_at`, `trip_id`) VALUES (456,1003,11,1,'2025-11-27 07:12:11','2025-11-27 07:12:11',34),(458,1002,11,1,'2025-11-27 07:16:32','2025-11-27 07:16:32',34),(475,1004,11,1,'2025-11-27 09:51:24','2025-11-27 09:51:24',34),(478,1005,11,1,'2025-11-27 10:06:15','2025-11-27 10:06:15',34),(479,1009,11,1,'2025-11-27 10:06:15','2025-11-27 10:06:15',34),(480,1010,11,1,'2025-11-27 10:06:15','2025-11-27 10:06:15',34),(481,1011,11,1,'2025-11-27 10:06:16','2025-11-27 10:06:16',34),(482,1012,11,1,'2025-11-27 10:06:17','2025-11-27 10:06:17',34),(483,1013,11,1,'2025-11-27 10:06:17','2025-11-27 10:06:17',34),(484,1075,11,1,'2025-11-27 10:06:17','2025-11-27 10:06:17',34),(492,1125,11,1,'2025-12-01 07:12:08','2025-12-01 07:12:08',58),(493,1126,11,1,'2025-12-01 07:12:10','2025-12-01 07:12:10',58),(494,1128,11,1,'2025-12-01 07:12:11','2025-12-11 01:57:57',58),(501,1125,13,1,'2025-12-01 07:20:35','2025-12-01 07:20:35',58),(502,1126,13,1,'2025-12-01 07:20:36','2025-12-01 07:20:36',58),(503,1128,13,1,'2025-12-01 07:20:36','2025-12-01 07:20:36',58),(504,1129,13,1,'2025-12-01 07:20:36','2025-12-01 07:20:36',58),(505,1130,13,1,'2025-12-01 07:20:37','2025-12-01 07:20:37',58),(506,1131,13,1,'2025-12-01 07:20:38','2025-12-01 07:20:38',58),(507,1132,13,1,'2025-12-01 07:20:38','2025-12-01 07:20:38',58),(508,1133,13,1,'2025-12-01 07:20:38','2025-12-01 07:20:38',58),(511,1173,11,1,'2025-12-01 10:37:35','2025-12-01 10:37:35',61),(512,1174,11,2,'2025-12-01 10:37:35','2025-12-01 10:37:35',61),(513,1176,11,1,'2025-12-01 10:37:36','2025-12-01 10:37:36',61),(514,1177,11,2,'2025-12-01 10:37:37','2025-12-01 10:37:37',61),(530,1254,3,1,'2025-12-05 07:02:20','2025-12-05 07:02:20',64),(531,1263,3,1,'2025-12-05 07:02:21','2025-12-05 07:02:21',64),(532,1262,3,1,'2025-12-05 07:02:21','2025-12-05 07:02:21',64),(533,1261,3,1,'2025-12-05 07:02:21','2025-12-05 07:02:21',64),(534,1260,3,1,'2025-12-05 07:02:22','2025-12-05 07:02:22',64),(535,1259,3,1,'2025-12-05 07:02:22','2025-12-05 07:02:22',64),(536,1258,3,1,'2025-12-05 07:02:22','2025-12-05 07:02:22',64),(537,1257,3,1,'2025-12-05 07:02:23','2025-12-05 07:02:23',64),(538,1256,3,1,'2025-12-05 07:02:23','2025-12-05 07:02:23',64),(539,1255,3,1,'2025-12-05 07:02:23','2025-12-05 07:02:23',64),(540,1244,3,1,'2025-12-05 07:02:24','2025-12-05 07:02:24',64),(541,1253,3,1,'2025-12-05 07:02:25','2025-12-05 07:02:25',64),(542,1252,3,1,'2025-12-05 07:02:25','2025-12-05 07:02:25',64),(543,1251,3,1,'2025-12-05 07:02:25','2025-12-05 07:02:25',64),(544,1250,3,1,'2025-12-05 07:02:25','2025-12-05 07:02:25',64),(545,1249,3,1,'2025-12-05 07:02:26','2025-12-05 07:02:26',64),(546,1248,3,1,'2025-12-05 07:02:27','2025-12-05 07:02:27',64),(547,1247,3,1,'2025-12-05 07:02:27','2025-12-05 07:02:27',64),(548,1246,3,1,'2025-12-05 07:02:27','2025-12-05 07:02:27',64),(549,1245,3,1,'2025-12-05 07:02:28','2025-12-05 07:02:28',64),(550,1178,11,1,'2025-12-05 07:14:42','2025-12-05 07:14:42',61),(551,1179,11,1,'2025-12-05 07:14:42','2025-12-05 07:14:42',61),(552,1180,11,1,'2025-12-05 07:14:43','2025-12-05 07:14:43',61),(553,1181,11,1,'2025-12-05 07:14:44','2025-12-05 07:14:44',61),(561,1477,11,1,'2025-12-11 02:51:14','2025-12-11 02:51:14',58),(562,1132,11,1,'2025-12-11 02:51:14','2025-12-11 02:51:14',58),(563,1131,11,1,'2025-12-11 02:51:15','2025-12-11 02:51:15',58),(564,1129,11,1,'2025-12-11 02:51:16','2025-12-11 02:51:16',58),(565,1130,11,1,'2025-12-11 02:51:16','2025-12-11 02:51:16',58),(566,1133,11,1,'2025-12-11 02:51:17','2025-12-11 02:51:17',58),(567,1476,11,1,'2025-12-11 02:51:17','2025-12-11 02:51:17',58);
/*!40000 ALTER TABLE `cooperative_item_checks` ENABLE KEYS */;
UNLOCK TABLES;

--
-- Table structure for table `cooperative_items`
--

DROP TABLE IF EXISTS `cooperative_items`;
/*!40101 SET @saved_cs_client     = @@character_set_client */;
/*!50503 SET character_set_client = utf8mb4 */;
CREATE TABLE `cooperative_items` (
  `id` bigint NOT NULL AUTO_INCREMENT,
  `trip_id` bigint NOT NULL,
  `name` varchar(100) CHARACTER SET utf8mb4 COLLATE utf8mb4_0900_ai_ci NOT NULL,
  `category_id` int DEFAULT NULL,
  `priority` varchar(32) CHARACTER SET utf8mb4 COLLATE utf8mb4_0900_ai_ci DEFAULT NULL,
  `added_by` bigint NOT NULL,
  `updated_at` datetime DEFAULT CURRENT_TIMESTAMP ON UPDATE CURRENT_TIMESTAMP,
  `description` varchar(100) CHARACTER SET utf8mb4 COLLATE utf8mb4_0900_ai_ci DEFAULT NULL,
  `item_overview_id` int NOT NULL COMMENT '物品id',
  `created_at` datetime DEFAULT CURRENT_TIMESTAMP,
  PRIMARY KEY (`id`) USING BTREE
) ENGINE=InnoDB AUTO_INCREMENT=1478 DEFAULT CHARSET=utf8mb4 COLLATE=utf8mb4_0900_ai_ci;
/*!40101 SET character_set_client = @saved_cs_client */;

--
-- Dumping data for table `cooperative_items`
--

LOCK TABLES `cooperative_items` WRITE;
/*!40000 ALTER TABLE `cooperative_items` DISABLE KEYS */;
INSERT INTO `cooperative_items` (`id`, `trip_id`, `name`, `category_id`, `priority`, `added_by`, `updated_at`, `description`, `item_overview_id`, `created_at`) VALUES (1002,34,'白巧克力',6,'medium',11,'2025-11-27 11:13:05','',102,'2025-11-27 11:13:05'),(1003,34,'牛奶',6,'medium',11,'2025-11-27 11:13:05','',103,'2025-11-27 11:13:05'),(1004,34,'准考证',1,'medium',11,'2025-11-27 11:13:05','',100,'2025-11-27 11:13:05'),(1005,34,'草莓',6,'medium',11,'2025-11-27 11:13:05','',96,'2025-11-27 11:13:05'),(1009,34,'猕猴桃',6,'medium',11,'2025-11-27 12:03:48','',98,'2025-11-27 12:03:48'),(1010,34,'蓝牙耳机',3,'medium',11,'2025-11-27 12:03:50','',94,'2025-11-27 12:03:50'),(1011,34,'蓝莓',6,'medium',11,'2025-11-27 12:04:02','',97,'2025-11-27 12:04:02'),(1012,34,'机票',1,'medium',11,'2025-11-27 14:37:51','',5,'2025-11-27 14:37:51'),(1013,34,'香蕉',6,'medium',11,'2025-11-27 14:54:36','补充能量',101,'2025-11-27 14:54:36'),(1075,34,'牛奶',5,'medium',11,'2025-11-27 17:50:44','',104,'2025-11-27 17:50:44'),(1080,43,'草莓',6,'medium',11,'2025-12-01 14:57:09','',96,'2025-12-01 14:57:09'),(1081,43,'香蕉',6,'medium',11,'2025-12-01 14:57:09','补充能量',101,'2025-12-01 14:57:09'),(1083,44,'草莓',6,'medium',11,'2025-12-01 14:57:12','',96,'2025-12-01 14:57:12'),(1084,44,'香蕉',6,'medium',11,'2025-12-01 14:57:12','补充能量',101,'2025-12-01 14:57:12'),(1086,45,'草莓',6,'medium',11,'2025-12-01 14:57:30','',96,'2025-12-01 14:57:30'),(1087,45,'香蕉',6,'medium',11,'2025-12-01 14:57:30','补充能量',101,'2025-12-01 14:57:30'),(1089,46,'草莓',6,'medium',11,'2025-12-01 14:57:33','',96,'2025-12-01 14:57:33'),(1090,46,'香蕉',6,'medium',11,'2025-12-01 14:57:33','补充能量',101,'2025-12-01 14:57:33'),(1092,47,'草莓',6,'medium',11,'2025-12-01 14:57:35','',96,'2025-12-01 14:57:35'),(1093,47,'香蕉',6,'medium',11,'2025-12-01 14:57:35','补充能量',101,'2025-12-01 14:57:35'),(1095,48,'草莓',6,'medium',11,'2025-12-01 14:57:37','',96,'2025-12-01 14:57:37'),(1096,48,'香蕉',6,'medium',11,'2025-12-01 14:57:37','补充能量',101,'2025-12-01 14:57:37'),(1098,49,'草莓',6,'medium',11,'2025-12-01 14:58:01','',96,'2025-12-01 14:58:01'),(1099,49,'香蕉',6,'medium',11,'2025-12-01 14:58:01','补充能量',101,'2025-12-01 14:58:01'),(1101,50,'草莓',6,'medium',11,'2025-12-01 14:58:04','',96,'2025-12-01 14:58:04'),(1102,50,'香蕉',6,'medium',11,'2025-12-01 14:58:04','补充能量',101,'2025-12-01 14:58:04'),(1104,51,'草莓',6,'medium',11,'2025-12-01 14:58:06','',96,'2025-12-01 14:58:06'),(1105,51,'香蕉',6,'medium',11,'2025-12-01 14:58:06','补充能量',101,'2025-12-01 14:58:06'),(1107,52,'草莓',6,'medium',11,'2025-12-01 14:58:09','',96,'2025-12-01 14:58:09'),(1108,52,'香蕉',6,'medium',11,'2025-12-01 14:58:09','补充能量',101,'2025-12-01 14:58:09'),(1110,53,'草莓',6,'medium',11,'2025-12-01 14:58:10','',96,'2025-12-01 14:58:10'),(1111,53,'香蕉',6,'medium',11,'2025-12-01 14:58:10','补充能量',101,'2025-12-01 14:58:10'),(1113,54,'草莓',6,'medium',11,'2025-12-01 14:58:21','',96,'2025-12-01 14:58:21'),(1114,54,'香蕉',6,'medium',11,'2025-12-01 14:58:21','补充能量',101,'2025-12-01 14:58:21'),(1116,55,'草莓',6,'medium',11,'2025-12-01 14:58:27','',96,'2025-12-01 14:58:27'),(1117,55,'香蕉',6,'medium',11,'2025-12-01 14:58:27','补充能量',101,'2025-12-01 14:58:27'),(1125,58,'牛奶',6,'medium',11,'2025-12-01 15:11:39','',103,'2025-12-01 15:11:39'),(1126,58,'草莓',6,'medium',11,'2025-12-01 15:11:39','',96,'2025-12-01 15:11:39'),(1128,58,'香蕉',6,'medium',11,'2025-12-01 15:11:58','补充能量',101,'2025-12-01 15:11:58'),(1129,58,'葡萄',6,'medium',11,'2025-12-01 15:11:59','',99,'2025-12-01 15:11:59'),(1130,58,'猕猴桃',6,'medium',11,'2025-12-01 15:12:01','',98,'2025-12-01 15:12:01'),(1131,58,'蓝莓',6,'medium',11,'2025-12-01 15:12:02','',97,'2025-12-01 15:12:02'),(1132,58,'鼠标',3,'medium',13,'2025-12-01 15:15:21','',105,'2025-12-01 15:15:21'),(1133,58,'牛奶',5,'medium',13,'2025-12-01 15:15:22','',104,'2025-12-01 15:15:22'),(1173,61,'牛奶',6,'medium',11,'2025-12-01 18:22:59','',103,'2025-12-01 18:22:59'),(1174,61,'草莓',6,'medium',11,'2025-12-01 18:22:59','',96,'2025-12-01 18:22:59'),(1176,61,'书包',8,'medium',11,'2025-12-01 18:37:02','1111',109,'2025-12-01 18:37:02'),(1177,61,'蓝牙耳机',3,'medium',11,'2025-12-01 18:37:03','耳机耳机',108,'2025-12-01 18:37:03'),(1178,61,'奶油',6,'medium',11,'2025-12-01 18:37:05','',107,'2025-12-01 18:37:05'),(1179,61,'牛奶',5,'medium',11,'2025-12-01 18:37:23','',104,'2025-12-01 18:37:23'),(1180,61,'香蕉',6,'medium',11,'2025-12-01 18:37:25','补充能量',101,'2025-12-01 18:37:25'),(1181,61,'卡牌',10,'medium',11,'2025-12-02 09:50:07','1',112,'2025-12-02 09:50:07'),(1244,64,'相机',3,'low',3,'2025-12-05 14:02:57','数码相机',40,'2025-12-05 14:02:57'),(1245,64,'创可贴',5,'low',3,'2025-12-05 14:02:57','小伤口处理',58,'2025-12-05 14:02:57'),(1246,64,'零食',6,'low',3,'2025-12-05 14:02:57','路上解馋用',65,'2025-12-05 14:02:57'),(1247,64,'学生证/老年证',1,'medium',3,'2025-12-05 14:02:57','学生优惠证件',3,'2025-12-05 14:02:57'),(1248,64,'外套',2,'medium',3,'2025-12-05 14:02:57','根据天气准备',15,'2025-12-05 14:02:57'),(1249,64,'洗发水',4,'medium',3,'2025-12-05 14:02:57','小瓶装即可',51,'2025-12-05 14:02:57'),(1250,64,'沐浴露',4,'medium',3,'2025-12-05 14:02:57','小瓶装即可',52,'2025-12-05 14:02:57'),(1251,64,'常用药品',5,'medium',3,'2025-12-05 14:02:57','感冒药、止痛药等',57,'2025-12-05 14:02:57'),(1252,64,'水杯',6,'medium',3,'2025-12-05 14:02:57','环保饮水',66,'2025-12-05 14:02:57'),(1253,64,'身份证',1,'high',3,'2025-12-05 14:02:57','有效期内的身份证',1,'2025-12-05 14:02:57'),(1254,64,'换洗衣物',2,'high',3,'2025-12-05 14:02:57','根据行程天数准备',11,'2025-12-05 14:02:57'),(1255,64,'内衣裤',2,'high',3,'2025-12-05 14:02:57','足够的内衣裤',12,'2025-12-05 14:02:57'),(1256,64,'袜子',2,'high',3,'2025-12-05 14:02:57','多双袜子',13,'2025-12-05 14:02:57'),(1257,64,'舒适鞋子',2,'high',3,'2025-12-05 14:02:57','适合步行的鞋子',14,'2025-12-05 14:02:57'),(1258,64,'手机',3,'high',3,'2025-12-05 14:02:57','智能手机及配件',37,'2025-12-05 14:02:57'),(1259,64,'手机充电器',3,'high',3,'2025-12-05 14:02:57','手机充电器',38,'2025-12-05 14:02:57'),(1260,64,'牙刷',4,'high',3,'2025-12-05 14:02:57','个人清洁用品',48,'2025-12-05 14:02:57'),(1261,64,'牙膏',4,'high',3,'2025-12-05 14:02:57','个人清洁用品',49,'2025-12-05 14:02:57'),(1262,64,'毛巾',4,'high',3,'2025-12-05 14:02:57','个人清洁用品',50,'2025-12-05 14:02:57'),(1263,64,'护照',1,'medium',3,'2025-12-05 14:02:57','有效期内的护照1',2,'2025-12-05 14:02:57'),(1476,58,'卡牌',10,'medium',11,'2025-12-11 09:58:21','1',112,'2025-12-11 09:58:21'),(1477,58,'书包1',8,'medium',11,'2025-12-11 09:58:23','1111',109,'2025-12-11 09:58:23');
/*!40000 ALTER TABLE `cooperative_items` ENABLE KEYS */;
UNLOCK TABLES;

--
-- Table structure for table `cooperative_trip_invites`
--

DROP TABLE IF EXISTS `cooperative_trip_invites`;
/*!40101 SET @saved_cs_client     = @@character_set_client */;
/*!50503 SET character_set_client = utf8mb4 */;
CREATE TABLE `cooperative_trip_invites` (
  `id` bigint NOT NULL AUTO_INCREMENT,
  `trip_id` bigint NOT NULL,
  `created_by` bigint NOT NULL,
  `invite_type` varchar(32) CHARACTER SET utf8mb4 COLLATE utf8mb4_0900_ai_ci NOT NULL,
  `token` varchar(64) CHARACTER SET utf8mb4 COLLATE utf8mb4_0900_ai_ci DEFAULT NULL,
  `short_code` varchar(16) CHARACTER SET utf8mb4 COLLATE utf8mb4_0900_ai_ci DEFAULT NULL,
  `qr_base64` longtext CHARACTER SET utf8mb4 COLLATE utf8mb4_0900_ai_ci,
  `share_link` varchar(255) CHARACTER SET utf8mb4 COLLATE utf8mb4_0900_ai_ci DEFAULT NULL,
  `expired_at` datetime DEFAULT NULL,
  `created_at` datetime DEFAULT CURRENT_TIMESTAMP,
  PRIMARY KEY (`id`) USING BTREE,
  KEY `fk_trip_invites_trip` (`trip_id`) USING BTREE
) ENGINE=InnoDB AUTO_INCREMENT=32 DEFAULT CHARSET=utf8mb4 COLLATE=utf8mb4_0900_ai_ci;
/*!40101 SET character_set_client = @saved_cs_client */;

--
-- Dumping data for table `cooperative_trip_invites`
--

LOCK TABLES `cooperative_trip_invites` WRITE;
/*!40000 ALTER TABLE `cooperative_trip_invites` DISABLE KEYS */;
INSERT INTO `cooperative_trip_invites` (`id`, `trip_id`, `created_by`, `invite_type`, `token`, `short_code`, `qr_base64`, `share_link`, `expired_at`, `created_at`) VALUES (28,34,11,'CODE',NULL,'294047',NULL,NULL,'2025-11-30 18:05:47','2025-11-27 18:05:46'),(29,34,11,'QR','4d6a3e860f3d4d27a84845158666b66f',NULL,NULL,'https://mini-program.example.com/pages/cooperative-join/cooperative-join?token=4d6a3e860f3d4d27a84845158666b66f','2025-11-30 18:05:54','2025-11-27 18:05:53'),(30,58,11,'CODE','','CEB47F',NULL,NULL,'2025-12-14 10:58:13','2025-12-11 10:58:13'),(31,61,11,'CODE',NULL,'CABPOH',NULL,NULL,'2025-12-14 11:18:14','2025-12-11 11:18:13');
/*!40000 ALTER TABLE `cooperative_trip_invites` ENABLE KEYS */;
UNLOCK TABLES;

--
-- Table structure for table `cooperative_trip_members`
--

DROP TABLE IF EXISTS `cooperative_trip_members`;
/*!40101 SET @saved_cs_client     = @@character_set_client */;
/*!50503 SET character_set_client = utf8mb4 */;
CREATE TABLE `cooperative_trip_members` (
  `id` bigint NOT NULL AUTO_INCREMENT,
  `trip_id` bigint NOT NULL,
  `user_id` bigint NOT NULL,
  `role` varchar(32) CHARACTER SET utf8mb4 COLLATE utf8mb4_0900_ai_ci DEFAULT 'member',
  `status` varchar(32) CHARACTER SET utf8mb4 COLLATE utf8mb4_0900_ai_ci DEFAULT 'pending',
  `checked_items` int DEFAULT '0',
  `total_items` int DEFAULT '0',
  `progress` int DEFAULT '0',
  `created_at` datetime DEFAULT CURRENT_TIMESTAMP,
  `updated_at` datetime DEFAULT CURRENT_TIMESTAMP ON UPDATE CURRENT_TIMESTAMP,
  PRIMARY KEY (`id`) USING BTREE
) ENGINE=InnoDB AUTO_INCREMENT=54 DEFAULT CHARSET=utf8mb4 COLLATE=utf8mb4_0900_ai_ci;
/*!40101 SET character_set_client = @saved_cs_client */;

--
-- Dumping data for table `cooperative_trip_members`
--

LOCK TABLES `cooperative_trip_members` WRITE;
/*!40000 ALTER TABLE `cooperative_trip_members` DISABLE KEYS */;
INSERT INTO `cooperative_trip_members` (`id`, `trip_id`, `user_id`, `role`, `status`, `checked_items`, `total_items`, `progress`, `created_at`, `updated_at`) VALUES (42,34,11,'creator','pending',0,0,0,'2025-11-27 11:13:05','2025-11-27 11:13:05'),(45,58,11,'creator','pending',0,0,0,'2025-12-01 15:11:39','2025-12-01 15:11:39'),(46,58,13,'collaborator','pending',0,0,0,'2025-12-01 15:15:08','2025-12-01 15:15:08'),(49,61,11,'creator','pending',0,0,0,'2025-12-01 18:22:59','2025-12-01 18:22:59'),(52,64,3,'creator','pending',0,0,0,'2025-12-05 14:02:57','2025-12-05 14:02:57');
/*!40000 ALTER TABLE `cooperative_trip_members` ENABLE KEYS */;
UNLOCK TABLES;

--
-- Table structure for table `cooperative_trips`
--

DROP TABLE IF EXISTS `cooperative_trips`;
/*!40101 SET @saved_cs_client     = @@character_set_client */;
/*!50503 SET character_set_client = utf8mb4 */;
CREATE TABLE `cooperative_trips` (
  `id` bigint NOT NULL AUTO_INCREMENT,
  `creator_id` bigint NOT NULL,
  `name` varchar(100) CHARACTER SET utf8mb4 COLLATE utf8mb4_0900_ai_ci NOT NULL,
  `destination` varchar(100) CHARACTER SET utf8mb4 COLLATE utf8mb4_0900_ai_ci DEFAULT NULL,
  `location_id` varchar(64) CHARACTER SET utf8mb4 COLLATE utf8mb4_0900_ai_ci DEFAULT NULL,
  `start_date` date DEFAULT NULL,
  `end_date` date DEFAULT NULL,
  `duration` int DEFAULT NULL,
  `travelers` int DEFAULT NULL,
  `type` varchar(32) CHARACTER SET utf8mb4 COLLATE utf8mb4_0900_ai_ci DEFAULT NULL,
  `budget` varchar(64) CHARACTER SET utf8mb4 COLLATE utf8mb4_0900_ai_ci DEFAULT NULL,
  `description` text CHARACTER SET utf8mb4 COLLATE utf8mb4_0900_ai_ci,
  `special_needs` text CHARACTER SET utf8mb4 COLLATE utf8mb4_0900_ai_ci,
  `status` varchar(32) CHARACTER SET utf8mb4 COLLATE utf8mb4_0900_ai_ci DEFAULT 'preparing',
  `checked_items` int DEFAULT '0',
  `total_items` int DEFAULT '0',
  `progress` int DEFAULT '0',
  `created_at` datetime DEFAULT CURRENT_TIMESTAMP,
  `updated_at` datetime DEFAULT CURRENT_TIMESTAMP ON UPDATE CURRENT_TIMESTAMP,
  `img` mediumtext CHARACTER SET utf8mb4 COLLATE utf8mb4_0900_ai_ci,
  PRIMARY KEY (`id`) USING BTREE
) ENGINE=InnoDB AUTO_INCREMENT=84 DEFAULT CHARSET=utf8mb4 COLLATE=utf8mb4_0900_ai_ci;
/*!40101 SET character_set_client = @saved_cs_client */;

--
-- Dumping data for table `cooperative_trips`
--

LOCK TABLES `cooperative_trips` WRITE;
/*!40000 ALTER TABLE `cooperative_trips` DISABLE KEYS */;
INSERT INTO `cooperative_trips` (`id`, `creator_id`, `name`, `destination`, `location_id`, `start_date`, `end_date`, `duration`, `travelers`, `type`, `budget`, `description`, `special_needs`, `status`, `checked_items`, `total_items`, `progress`, `created_at`, `updated_at`, `img`) VALUES (34,11,'天津市·天津·天津','天津市·天津·天津','101030100','2025-11-29','2025-11-30',2,1,'tourism',NULL,'3','4','completed',0,0,0,'2025-11-27 11:13:06','2025-12-02 16:07:04','http://localhost:8080/uploads/images/3267a4c7-c44a-43e1-af98-b0fb351d1e0c.png'),(58,11,'江苏省·南京·南京','江苏省·南京·南京','101190101','2025-12-03','2025-12-06',4,2,'tourism',NULL,'1','1','preparing',0,0,0,'2025-12-01 15:11:44','2025-12-01 15:11:39','https://tour.jschina.com.cn/mzyj/202208/W020220823341727169713.jpg'),(61,11,'上海市·上海·上海1','上海市·上海·上海','101020100','2025-12-02','2025-12-05',4,2,'tourism',NULL,'1','1','preparing',0,0,0,'2025-12-01 18:23:04','2025-12-01 18:37:47','http://seopic.699pic.com/photo/50008/0493.jpg_wh1200.jpg'),(64,3,'爱玩原神','广东省·东莞·东莞','101281601','2025-12-06','2025-12-07',2,1,'tourism',NULL,'1','1','completed',0,0,0,'2025-12-05 14:02:57','2025-12-05 15:02:29','http://seopic.699pic.com/photo/50000/2401.jpg_wh1200.jpg');
/*!40000 ALTER TABLE `cooperative_trips` ENABLE KEYS */;
UNLOCK TABLES;

--
-- Table structure for table `item_categories`
--

DROP TABLE IF EXISTS `item_categories`;
/*!40101 SET @saved_cs_client     = @@character_set_client */;
/*!50503 SET character_set_client = utf8mb4 */;
CREATE TABLE `item_categories` (
  `id` int NOT NULL AUTO_INCREMENT,
  `name` mediumtext CHARACTER SET utf8mb4 COLLATE utf8mb4_0900_ai_ci,
  `code` mediumtext CHARACTER SET utf8mb4 COLLATE utf8mb4_0900_ai_ci,
  `description` mediumtext CHARACTER SET utf8mb4 COLLATE utf8mb4_0900_ai_ci,
  `created_at` timestamp NULL DEFAULT NULL,
  PRIMARY KEY (`id`) USING BTREE
) ENGINE=InnoDB AUTO_INCREMENT=11 DEFAULT CHARSET=utf8mb4 COLLATE=utf8mb4_0900_ai_ci COMMENT='物品分类表';
/*!40101 SET character_set_client = @saved_cs_client */;

--
-- Dumping data for table `item_categories`
--

LOCK TABLES `item_categories` WRITE;
/*!40000 ALTER TABLE `item_categories` DISABLE KEYS */;
INSERT INTO `item_categories` (`id`, `name`, `code`, `description`, `created_at`) VALUES (1,'证件类','DOCUMENTS','身份证、护照、签证等身份证明文件','2025-10-28 07:53:26'),(2,'衣物类','CLOTHING','各种服装、鞋子、配饰等','2025-10-28 07:53:26'),(3,'电子设备','ELECTRONICS','手机、充电器、相机等电子设备','2025-10-28 07:53:26'),(4,'洗漱用品','TOILETRIES','牙刷、牙膏、洗发水等个人清洁用品','2025-10-28 07:53:26'),(5,'药品类','MEDICINE','常用药品、急救用品等','2025-10-28 07:53:26'),(6,'食品类','FOOD','零食、饮料、应急食品等','2025-10-28 07:53:26'),(7,'户外用品','OUTDOOR','帐篷、睡袋、登山杖等户外装备','2025-10-28 07:53:26'),(8,'办公用品','OFFICE','笔记本电脑、文件、文具等','2025-10-28 07:53:26'),(9,'安全用品','SAFETY','急救包、安全绳、手电筒等','2025-10-28 07:53:26'),(10,'其他用品','OTHERS','其他旅行必需品','2025-10-28 07:53:26');
/*!40000 ALTER TABLE `item_categories` ENABLE KEYS */;
UNLOCK TABLES;

--
-- Table structure for table `item_overview`
--

DROP TABLE IF EXISTS `item_overview`;
/*!40101 SET @saved_cs_client     = @@character_set_client */;
/*!50503 SET character_set_client = utf8mb4 */;
CREATE TABLE `item_overview` (
  `id` int NOT NULL AUTO_INCREMENT,
  `name` mediumtext CHARACTER SET utf8mb4 COLLATE utf8mb4_0900_ai_ci,
  `category_id` int DEFAULT NULL,
  `description` mediumtext CHARACTER SET utf8mb4 COLLATE utf8mb4_0900_ai_ci,
  `image_url` mediumtext CHARACTER SET utf8mb4 COLLATE utf8mb4_0900_ai_ci,
  `tags` longtext CHARACTER SET utf8mb4 COLLATE utf8mb4_0900_ai_ci,
  `is_active` tinyint DEFAULT '1',
  `created_at` timestamp NULL DEFAULT NULL,
  `updated_at` timestamp NULL DEFAULT NULL,
  PRIMARY KEY (`id`) USING BTREE,
  UNIQUE KEY `item_overview_id_uindex` (`id`) USING BTREE
) ENGINE=InnoDB AUTO_INCREMENT=113 DEFAULT CHARSET=utf8mb4 COLLATE=utf8mb4_0900_ai_ci COMMENT='物品总览表 - 存储所有物品（公共物品和用户自定义物品），user_id为NULL表示公共物品，非NULL表示用户自定义物品';
/*!40101 SET character_set_client = @saved_cs_client */;

--
-- Dumping data for table `item_overview`
--

LOCK TABLES `item_overview` WRITE;
/*!40000 ALTER TABLE `item_overview` DISABLE KEYS */;
INSERT INTO `item_overview` (`id`, `name`, `category_id`, `description`, `image_url`, `tags`, `is_active`, `created_at`, `updated_at`) VALUES (1,'身份证',1,'有效期内的身份证','https://tse4-mm.cn.bing.net/th/id/OIP-C.Nx0mtsO76jE5VNlQBqizmgHaE8','[]',1,'2025-10-28 07:53:26','2025-12-04 12:55:28'),(2,'护照',1,'有效期内的护照1','https://tse3-mm.cn.bing.net/th/id/OIP-C.EDzPzZq6PUN0eShfi-EJ3AHaHa?w=164&h=180&c=7&r=0&o=5&pid=1.7','[\"证件\",\"国际\",\"good\"]',1,'2025-10-28 07:53:26','2025-11-29 14:02:10'),(3,'学生证',1,'学生优惠证件','https://tse3-mm.cn.bing.net/th/id/OIP-C.evZKBoIx5UpjKk7CLxZ49AHaHM','[\"证件\", \"优惠\"]',1,'2025-10-28 07:53:26','2025-11-06 10:07:14'),(4,'驾驶证',1,'机动车驾驶证','https://tse2-mm.cn.bing.net/th/id/OIP-C.JIkI9h2dpaya27JbopdNxgHaFR','[\"证件\",\"驾驶\",\"1\",\"2\"]',1,'2025-10-28 07:53:26','2025-11-29 14:10:12'),(5,'机票',1,'电子票或纸质票','','[\"证件\", \"交通\"]',1,'2025-10-28 07:53:26','2025-10-28 07:53:26'),(6,'签证',1,'入境许可','','[\"证件\", \"国际\"]',1,'2025-10-28 07:53:26','2025-10-28 07:53:26'),(7,'名片',1,'商务交流必备','','[\"证件\", \"商务\"]',1,'2025-10-28 07:53:26','2025-10-28 07:53:26'),(8,'户口本',1,'儿童身份证明','','[\"证件\", \"家庭\"]',1,'2025-10-28 07:53:26','2025-10-28 07:53:26'),(9,'酒店预订单',1,'住宿凭证','','[\"证件\", \"住宿\"]',1,'2025-10-28 07:53:26','2025-10-28 07:53:26'),(10,'旅行保险单',1,'保险凭证','','[\"证件\", \"保险\"]',1,'2025-10-28 07:53:26','2025-10-28 07:53:26'),(11,'换洗衣物',2,'根据行程天数准备','','[\"衣物\", \"必备\"]',1,'2025-10-28 07:53:26','2025-10-28 07:53:26'),(12,'内衣裤',2,'足够的内衣裤','','[\"衣物\", \"个人\"]',1,'2025-10-28 07:53:26','2025-10-28 07:53:26'),(13,'袜子',2,'多双袜子','','[\"衣物\", \"个人\"]',1,'2025-10-28 07:53:26','2025-10-28 07:53:26'),(14,'舒适鞋子',2,'适合步行的鞋子','','[\"衣物\", \"鞋子\"]',1,'2025-10-28 07:53:26','2025-10-28 07:53:26'),(15,'外套',2,'根据天气准备','','[\"衣物\", \"保暖\"]',1,'2025-10-28 07:53:26','2025-10-28 07:53:26'),(16,'泳衣',2,'2-3套','','[\"衣物\", \"游泳\"]',1,'2025-10-28 07:53:26','2025-10-28 07:53:26'),(17,'防晒衣',2,'UPF50+','','[\"衣物\", \"防晒\"]',1,'2025-10-28 07:53:26','2025-10-28 07:53:26'),(18,'正装',2,'商务会议穿着','','[\"衣物\", \"商务\"]',1,'2025-10-28 07:53:26','2025-10-28 07:53:26'),(19,'商务衬衫',2,'准备2-3件','','[\"衣物\", \"商务\"]',1,'2025-10-28 07:53:26','2025-10-28 07:53:26'),(20,'领带',2,'商务正装搭配','','[\"衣物\", \"商务\"]',1,'2025-10-28 07:53:26','2025-10-28 07:53:26'),(21,'皮鞋',2,'商务场合穿着','','[\"衣物\", \"商务\"]',1,'2025-10-28 07:53:26','2025-10-28 07:53:26'),(22,'休闲装',2,'非正式场合穿着','','[\"衣物\", \"休闲\"]',1,'2025-10-28 07:53:26','2025-10-28 07:53:26'),(23,'冲锋衣',2,'防风防雨','','[\"衣物\", \"户外\"]',1,'2025-10-28 07:53:26','2025-10-28 07:53:26'),(24,'速干衣',2,'排汗透气','','[\"衣物\", \"户外\"]',1,'2025-10-28 07:53:26','2025-10-28 07:53:26'),(25,'登山裤',2,'耐磨舒适','','[\"衣物\", \"户外\"]',1,'2025-10-28 07:53:26','2025-10-28 07:53:26'),(26,'登山鞋',2,'防滑耐磨','','[\"衣物\", \"户外\"]',1,'2025-10-28 07:53:26','2025-10-28 07:53:26'),(27,'登山袜',2,'厚实保暖','','[\"衣物\", \"户外\"]',1,'2025-10-28 07:53:26','2025-10-28 07:53:26'),(28,'帽子',2,'防晒保暖','','[\"衣物\", \"配饰\"]',1,'2025-10-28 07:53:26','2025-10-28 07:53:26'),(29,'手套',2,'保护双手','','[\"衣物\", \"配饰\"]',1,'2025-10-28 07:53:26','2025-10-28 07:53:26'),(30,'太阳镜',2,'防晒护眼','','[\"衣物\", \"配饰\"]',1,'2025-10-28 07:53:26','2025-10-28 07:53:26'),(31,'防晒帽',2,'防晒用品','','[\"衣物\", \"防晒\"]',1,'2025-10-28 07:53:26','2025-10-28 07:53:26'),(32,'成人衣物',2,'父母衣物','','[\"衣物\", \"成人\"]',1,'2025-10-28 07:53:26','2025-10-28 07:53:26'),(33,'儿童衣物',2,'孩子衣物，多准备几套','','[\"衣物\", \"儿童\"]',1,'2025-10-28 07:53:26','2025-10-28 07:53:26'),(34,'牛仔裤',2,'耐磨实用','','[\"衣物\", \"休闲\"]',1,'2025-10-28 07:53:26','2025-10-28 07:53:26'),(35,'运动鞋',2,'舒适行走','','[\"衣物\", \"运动\"]',1,'2025-10-28 07:53:26','2025-10-28 07:53:26'),(36,'拖鞋',2,'住宿使用','','[\"衣物\", \"室内\"]',1,'2025-10-28 07:53:26','2025-10-28 07:53:26'),(37,'手机',3,'智能手机及配件','','[\"电子\", \"通讯\"]',1,'2025-10-28 07:53:26','2025-10-28 07:53:26'),(38,'充电器',3,'手机充电器','','[\"电子\", \"充电\"]',1,'2025-10-28 07:53:26','2025-10-28 07:53:26'),(39,'充电宝',3,'移动电源','https://tse1-mm.cn.bing.net/th/id/OIP-C.u1Bq2OB43qa6KpYn6xOkwAHaJp','[\"电子\", \"充电\"]',0,'2025-10-28 07:53:26','2025-11-10 02:06:01'),(40,'相机',3,'数码相机','','[\"电子\", \"摄影\"]',1,'2025-10-28 07:53:26','2025-10-28 07:53:26'),(41,'笔记本电脑',3,'便携式电脑','','[\"电子\", \"办公\"]',1,'2025-10-28 07:53:26','2025-10-28 07:53:26'),(42,'移动硬盘',3,'数据备份','','[\"电子\", \"存储\"]',1,'2025-10-28 07:53:26','2025-10-28 07:53:26'),(43,'头灯',3,'夜间照明','','[\"电子\", \"照明\"]',1,'2025-10-28 07:53:26','2025-10-28 07:53:26'),(44,'GPS设备',3,'定位导航','','[\"电子\", \"导航\"]',1,'2025-10-28 07:53:26','2025-10-28 07:53:26'),(45,'对讲机',3,'团队通讯','','[\"电子\", \"通讯\"]',1,'2025-10-28 07:53:26','2025-10-28 07:53:26'),(46,'国际充电器',3,'多国插头','','[\"电子\", \"充电\"]',1,'2025-10-28 07:53:26','2025-10-28 07:53:26'),(47,'翻译器',3,'语言沟通','','[\"电子\", \"翻译\"]',1,'2025-10-28 07:53:26','2025-10-28 07:53:26'),(48,'牙刷',4,'个人清洁用品','','[\"洗漱\", \"个人\"]',1,'2025-10-28 07:53:26','2025-10-28 07:53:26'),(49,'牙膏',4,'个人清洁用品','','[\"洗漱\", \"个人\"]',1,'2025-10-28 07:53:26','2025-10-28 07:53:26'),(50,'毛巾',4,'个人清洁用品','','[\"洗漱\", \"个人\"]',1,'2025-10-28 07:53:26','2025-10-28 07:53:26'),(51,'洗发水',4,'小瓶装即可','','[\"洗漱\", \"个人\"]',1,'2025-10-28 07:53:26','2025-10-28 07:53:26'),(52,'沐浴露',4,'小瓶装即可','','[\"洗漱\", \"个人\"]',1,'2025-10-28 07:53:26','2025-10-28 07:53:26'),(53,'防晒霜',4,'防晒保护','','[\"洗漱\", \"防晒\"]',1,'2025-10-28 07:53:26','2025-10-28 07:53:26'),(54,'儿童洗漱用品',4,'儿童专用','','[\"洗漱\", \"儿童\"]',1,'2025-10-28 07:53:26','2025-10-28 07:53:26'),(55,'成人洗漱用品',4,'成人用品','','[\"洗漱\", \"成人\"]',1,'2025-10-28 07:53:26','2025-10-28 07:53:26'),(56,'洗漱用品',4,'个人清洁','','[\"洗漱\", \"个人\"]',1,'2025-10-28 07:53:26','2025-10-28 07:53:26'),(57,'常用药品',5,'感冒药、止痛药等','','[\"药品\", \"健康\"]',1,'2025-10-28 07:53:26','2025-10-28 07:53:26'),(58,'创可贴',5,'小伤口处理','','[\"药品\", \"急救\"]',1,'2025-10-28 07:53:26','2025-10-28 07:53:26'),(59,'体温计',5,'监测体温','','[\"药品\", \"健康\"]',1,'2025-10-28 07:53:26','2025-10-28 07:53:26'),(60,'儿童药品',5,'儿童专用药品','','[\"药品\", \"儿童\"]',1,'2025-10-28 07:53:26','2025-10-28 07:53:26'),(61,'成人药品',5,'成人药品','','[\"药品\", \"成人\"]',1,'2025-10-28 07:53:26','2025-10-28 07:53:26'),(62,'急救包',5,'应急医疗','','[\"药品\", \"急救\"]',1,'2025-10-28 07:53:26','2025-10-28 07:53:26'),(63,'处方药',5,'个人处方药','','[\"药品\", \"处方\"]',1,'2025-10-28 07:53:26','2025-10-28 07:53:26'),(64,'晕车药',5,'如有需要','','[\"药品\", \"晕车\"]',1,'2025-10-28 07:53:26','2025-10-28 07:53:26'),(65,'零食',6,'路上解馋用','','[\"食品\", \"娱乐\"]',1,'2025-10-28 07:53:26','2025-10-28 07:53:26'),(66,'水杯',6,'环保饮水','','[\"食品\", \"环保\"]',1,'2025-10-28 07:53:26','2025-10-28 07:53:26'),(67,'儿童零食',6,'孩子喜欢的零食','','[\"食品\", \"儿童\"]',1,'2025-10-28 07:53:26','2025-10-28 07:53:26'),(68,'保温杯',6,'热水保温','','[\"食品\", \"保温\"]',1,'2025-10-28 07:53:26','2025-10-28 07:53:26'),(69,'高能量食品',6,'补充能量','','[\"食品\", \"能量\"]',1,'2025-10-28 07:53:26','2025-10-28 07:53:26'),(70,'压缩饼干',6,'轻便食品','','[\"食品\", \"轻便\"]',1,'2025-10-28 07:53:26','2025-10-28 07:53:26'),(71,'帐篷',7,'住宿装备','','[\"户外\", \"住宿\"]',1,'2025-10-28 07:53:26','2025-10-28 07:53:26'),(72,'睡袋',7,'保暖装备','','[\"户外\", \"保暖\"]',1,'2025-10-28 07:53:26','2025-10-28 07:53:26'),(73,'防潮垫',7,'防潮保暖','','[\"户外\", \"防潮\"]',1,'2025-10-28 07:53:26','2025-10-28 07:53:26'),(74,'登山杖',7,'辅助行走','','[\"户外\", \"登山\"]',1,'2025-10-28 07:53:26','2025-10-28 07:53:26'),(75,'背包',7,'装载装备','','[\"户外\", \"装载\"]',1,'2025-10-28 07:53:26','2025-10-28 07:53:26'),(76,'水袋',7,'饮水系统','','[\"户外\", \"饮水\"]',1,'2025-10-28 07:53:26','2025-10-28 07:53:26'),(77,'大背包',7,'装载装备','','[\"户外\", \"装载\"]',1,'2025-10-28 07:53:26','2025-10-28 07:53:26'),(78,'合同文件',8,'商务文件','','[\"办公\", \"商务\"]',1,'2025-10-28 07:53:26','2025-10-28 07:53:26'),(79,'笔',8,'记录用','','[\"办公\", \"文具\"]',1,'2025-10-28 07:53:26','2025-10-28 07:53:26'),(80,'笔记本',8,'会议记录','','[\"办公\", \"文具\"]',1,'2025-10-28 07:53:26','2025-10-28 07:53:26'),(81,'行程单',8,'旅行计划','','[\"办公\", \"计划\"]',1,'2025-10-28 07:53:26','2025-10-28 07:53:26'),(82,'安全绳',9,'安全保护','','[\"安全\", \"保护\"]',1,'2025-10-28 07:53:26','2025-10-28 07:53:26'),(83,'口哨',9,'求救信号','','[\"安全\", \"求救\"]',1,'2025-10-28 07:53:26','2025-10-28 07:53:26'),(84,'手电筒',9,'夜间照明','','[\"安全\", \"照明\"]',1,'2025-10-28 07:53:26','2025-10-28 07:53:26'),(85,'儿童安全座椅',9,'乘车安全','','[\"安全\", \"儿童\"]',1,'2025-10-28 07:53:26','2025-10-28 07:53:26'),(86,'雨伞',10,'防雨用品','','[\"其他\", \"防雨\"]',1,'2025-10-28 07:53:26','2025-10-28 07:53:26'),(87,'塑料袋',10,'收纳防水','','[\"其他\", \"收纳\"]',1,'2025-10-28 07:53:26','2025-10-28 07:53:26'),(88,'洗衣粉',10,'衣物清洁','','[\"其他\", \"清洁\"]',1,'2025-10-28 07:53:26','2025-10-28 07:53:26'),(89,'洗面奶',4,'洗面奶','https://tse3-mm.cn.bing.net/th/id/OIP-C.BN6NidNQh_OkZiWIOz6lNwHaHa?w=190&h=190&c=7&r=0&o=7&dpr=1.3&pid=1.7&rm=3','[\"个人\", \"清理\"]',1,'2025-11-06 09:22:35','2025-11-06 09:34:45'),(90,'百事可乐',6,'可乐只喝百事','https://tse3-mm.cn.bing.net/th/id/OIP-C.f_fEa4PFvhrfR175oDsRkQHaOr','[\"百世可乐\"]',1,'2025-11-07 02:38:03','2025-11-07 02:40:02'),(91,'苹果手机',3,'','https://tse3-mm.cn.bing.net/th/id/OIP-C.JwzpwJ32cr2GLhX5ZzO_aAHaE8','[\"手机\"]',1,'2025-11-10 02:18:05','2025-11-10 02:18:05'),(92,'巧克力',6,'123','',NULL,1,'2025-11-14 12:12:55','2025-11-14 12:12:55'),(93,'耳机',3,'234','',NULL,1,'2025-11-14 12:18:40','2025-11-14 12:18:40'),(94,'蓝牙耳机',3,'234','',NULL,1,'2025-11-14 12:22:16','2025-11-14 12:22:16'),(95,'矿泉水',6,'','',NULL,1,'2025-11-14 12:30:03','2025-11-14 12:30:03'),(96,'草莓',6,'','',NULL,1,'2025-11-14 12:30:58','2025-11-14 12:30:58'),(97,'蓝莓',6,'','',NULL,1,'2025-11-14 12:31:53','2025-11-14 12:31:53'),(98,'猕猴桃',6,'','',NULL,1,'2025-11-14 12:41:05','2025-11-14 12:41:05'),(99,'葡萄',6,'','',NULL,1,'2025-11-14 12:45:06','2025-11-14 12:45:06'),(100,'准考证',1,'','','[]',0,'2025-11-14 12:46:42','2025-11-29 11:03:37'),(101,'香蕉',6,'补充能量','',NULL,1,'2025-11-17 07:53:52','2025-11-17 07:53:52'),(102,'白巧克力',6,'','','[]',0,'2025-11-17 09:19:42','2025-11-29 13:10:10'),(103,'牛奶',6,'','',NULL,1,'2025-11-17 10:01:54','2025-11-17 10:01:54'),(104,'牛奶',5,'','',NULL,1,'2025-11-17 10:50:26','2025-11-17 10:50:26'),(105,'鼠标',3,'','',NULL,1,'2025-11-17 10:53:15','2025-11-17 10:53:15'),(106,'冰淇淋',6,NULL,'https://tse2-mm.cn.bing.net/th/id/OIP-C.q6Uz0HpAfxf3zX2qXVN0OAHaHa?w=172&h=180&c=7&r=0&o=5&pid=1.7','[]',0,'2025-11-19 03:39:33','2025-11-29 14:12:35'),(107,'奶油',6,NULL,'https://tse2-mm.cn.bing.net/th/id/OIP-C.NvoJ_U0cecUirMJDkpnFKAHaE7?w=233&h=180&c=7&r=0&o=5&pid=1.7','[\"1\",\"2\"]',1,'2025-11-19 03:46:19','2025-12-01 13:03:27'),(108,'蓝牙耳机',3,'耳机耳机','https://tse3-mm.cn.bing.net/th/id/OIP-C.L44FF0YDLe_ktGXd22yw0QHaHa?w=200&h=200&c=7&r=0&o=5&pid=1.7',NULL,1,'2025-11-28 10:05:35','2025-11-28 10:05:35'),(109,'书包1',8,'1111','https://tse4-mm.cn.bing.net/th/id/OIP-C.6yjNJdzxfvLy-QS_2eLJagHaHa?w=194&h=194&c=7&r=0&o=5&pid=1.7','[\"1\",\"1\",\"12\"]',1,'2025-11-28 10:13:58','2025-12-01 15:23:53'),(110,'空',10,'1','https://tse4-mm.cn.bing.net/th/id/OIP-C.ErvABQbfJNSUHKvzwd9lHwAAAA?w=191&h=191&c=7&r=0&o=5&pid=1.7','[\"1\"]',0,'2025-11-29 14:15:58','2025-11-29 15:03:56'),(111,'测试1',10,'1',NULL,'[\"1\"]',0,'2025-11-29 14:33:27','2025-11-29 15:03:57'),(112,'卡牌',10,'1','https://tse3-mm.cn.bing.net/th/id/OIP-C.SSPdsEo0K0_q9XjfXKYz7wHaD2?w=281&h=180&c=7&r=0&o=5&pid=1.7','[]',1,'2025-12-01 14:00:48','2025-12-02 01:56:14');
/*!40000 ALTER TABLE `item_overview` ENABLE KEYS */;
UNLOCK TABLES;

--
-- Table structure for table `items`
--

DROP TABLE IF EXISTS `items`;
/*!40101 SET @saved_cs_client     = @@character_set_client */;
/*!50503 SET character_set_client = utf8mb4 */;
CREATE TABLE `items` (
  `id` int NOT NULL AUTO_INCREMENT,
  `trip_id` int DEFAULT NULL,
  `category_id` int DEFAULT NULL,
  `item_overview_id` int DEFAULT NULL,
  `name` mediumtext CHARACTER SET utf8mb4 COLLATE utf8mb4_0900_ai_ci,
  `note` mediumtext CHARACTER SET utf8mb4 COLLATE utf8mb4_0900_ai_ci,
  `priority` char(6) CHARACTER SET utf8mb4 COLLATE utf8mb4_0900_ai_ci DEFAULT NULL,
  `checked` tinyint DEFAULT NULL,
  `checked_at` timestamp NULL DEFAULT NULL,
  `created_at` timestamp NULL DEFAULT NULL,
  `updated_at` timestamp NULL DEFAULT NULL,
  PRIMARY KEY (`id`) USING BTREE,
  KEY `idx_items_trip_user` (`trip_id`) USING BTREE
) ENGINE=InnoDB AUTO_INCREMENT=1653 DEFAULT CHARSET=utf8mb4 COLLATE=utf8mb4_0900_ai_ci COMMENT='物品表 - 存储具体旅程中需要携带的物品，关联模板物品或用户自定义物品';
/*!40101 SET character_set_client = @saved_cs_client */;

--
-- Dumping data for table `items`
--

LOCK TABLES `items` WRITE;
/*!40000 ALTER TABLE `items` DISABLE KEYS */;
INSERT INTO `items` (`id`, `trip_id`, `category_id`, `item_overview_id`, `name`, `note`, `priority`, `checked`, `checked_at`, `created_at`, `updated_at`) VALUES (1097,66,1,3,'学生证/老年证','如有优惠证件请携带','medium',1,'2025-11-27 03:49:19','2025-11-26 15:27:55','2025-11-27 03:49:19'),(1098,66,2,15,'外套','根据目的地天气准备','medium',1,'2025-11-27 01:53:46','2025-11-26 15:27:55','2025-11-27 01:53:46'),(1099,66,3,39,'充电宝','移动电源备用','medium',1,'2025-11-27 02:30:52','2025-11-26 15:27:55','2025-11-27 02:30:52'),(1100,66,4,51,'洗发水','小瓶装即可','medium',2,NULL,'2025-11-26 15:27:55','2025-11-27 02:26:27'),(1101,66,4,52,'沐浴露','小瓶装即可','medium',2,NULL,'2025-11-26 15:27:55','2025-11-27 02:22:37'),(1102,66,5,57,'常用药品','感冒药、止痛药等','medium',1,'2025-11-27 02:22:38','2025-11-26 15:27:55','2025-11-27 02:22:38'),(1103,66,6,66,'水杯','环保饮水','medium',2,NULL,'2025-11-26 15:27:55','2025-11-27 02:30:53'),(1104,66,1,2,'护照',NULL,'medium',1,'2025-11-27 03:49:17','2025-11-26 15:27:55','2025-11-27 03:49:17'),(1105,66,3,40,'相机','记录美好时光','low',0,NULL,'2025-11-26 15:27:55','2025-11-26 15:27:55'),(1106,66,5,58,'创可贴','小伤口处理','low',0,NULL,'2025-11-26 15:27:55','2025-11-26 15:27:55'),(1107,66,6,65,'零食','路上解馋用','low',0,NULL,'2025-11-26 15:27:55','2025-11-26 15:27:55'),(1108,66,1,1,'身份证','必须携带，用于住宿登记','high',0,NULL,'2025-11-26 15:27:55','2025-11-26 15:27:55'),(1109,66,2,11,'换洗衣物','根据天气准备3-4套','high',0,NULL,'2025-11-26 15:27:55','2025-11-26 15:27:55'),(1110,66,2,12,'内衣裤','准备足够的内衣裤','high',0,NULL,'2025-11-26 15:27:55','2025-11-26 15:27:55'),(1111,66,2,13,'袜子','准备3-4双袜子','high',0,NULL,'2025-11-26 15:27:55','2025-11-26 15:27:55'),(1112,66,2,14,'舒适鞋子','适合步行的鞋子','high',0,NULL,'2025-11-26 15:27:55','2025-11-26 15:27:55'),(1113,66,3,37,'手机','保持通讯畅通','high',0,NULL,'2025-11-26 15:27:55','2025-11-26 15:27:55'),(1114,66,3,38,'手机充电器','确保手机有电','high',0,NULL,'2025-11-26 15:27:55','2025-11-26 15:27:55'),(1115,66,4,48,'牙刷','个人清洁用品','high',0,NULL,'2025-11-26 15:27:55','2025-11-26 15:27:55'),(1116,66,4,49,'牙膏','个人清洁用品','high',0,NULL,'2025-11-26 15:27:55','2025-11-26 15:27:55'),(1117,66,4,50,'毛巾','个人清洁用品','high',0,NULL,'2025-11-26 15:27:55','2025-11-26 15:27:55'),(1118,66,1,6,'签证','','medium',1,'2025-11-27 03:44:10','2025-11-27 03:44:11','2025-11-27 03:44:10'),(1120,66,6,102,'白巧克力','','medium',2,NULL,'2025-11-27 03:48:59','2025-11-27 13:34:53'),(1121,66,6,101,'香蕉','','medium',1,'2025-11-27 13:34:53','2025-11-27 03:48:59','2025-11-27 13:34:53'),(1122,66,5,104,'牛奶','','medium',1,'2025-12-05 07:18:48','2025-11-27 09:34:04','2025-12-05 07:18:48'),(1123,66,6,103,'牛奶','','medium',0,NULL,'2025-11-27 09:34:05','2025-11-27 09:34:05'),(1127,67,3,108,'蓝牙耳机','','medium',0,NULL,'2025-11-29 13:24:00','2025-11-29 13:24:00'),(1128,67,6,107,'奶油','','medium',0,NULL,'2025-11-29 13:24:01','2025-11-29 13:24:01'),(1129,67,3,105,'鼠标','','medium',0,NULL,'2025-11-29 13:28:26','2025-11-29 13:28:26'),(1130,67,5,104,'牛奶','','medium',0,NULL,'2025-11-29 13:28:55','2025-11-29 13:28:55'),(1131,67,6,103,'牛奶','','medium',0,NULL,'2025-11-29 13:28:56','2025-11-29 13:28:56'),(1132,67,8,109,'书包','','medium',0,NULL,'2025-11-29 13:41:42','2025-11-29 13:41:42'),(1139,69,8,109,'书包','','medium',1,'2025-12-01 10:36:19','2025-12-01 10:24:32','2025-12-01 10:36:19'),(1140,69,3,108,'蓝牙耳机','','medium',2,NULL,'2025-12-01 10:24:32','2025-12-01 10:36:26'),(1141,69,3,105,'鼠标','','medium',1,'2025-12-01 10:36:27','2025-12-01 10:28:30','2025-12-01 10:36:27'),(1142,69,6,107,'奶油','','medium',0,NULL,'2025-12-01 10:28:31','2025-12-01 10:28:31'),(1143,69,5,104,'牛奶','','medium',0,NULL,'2025-12-01 10:28:32','2025-12-01 10:28:32'),(1144,69,10,112,'卡牌','','medium',0,NULL,'2025-12-01 14:31:24','2025-12-01 14:31:24'),(1165,72,6,102,'白巧克力','','medium',1,'2025-12-05 07:14:30','2025-12-02 08:12:36','2025-12-05 07:14:30'),(1166,72,6,103,'牛奶','','medium',1,'2025-12-05 07:14:31','2025-12-02 08:12:36','2025-12-05 07:14:31'),(1167,72,1,100,'准考证','','medium',1,'2025-12-05 07:14:31','2025-12-02 08:12:36','2025-12-05 07:14:31'),(1168,72,6,96,'草莓','','medium',1,'2025-12-05 07:14:32','2025-12-02 08:12:36','2025-12-05 07:14:32'),(1233,76,6,102,'白巧克力','','medium',1,'2025-12-05 07:13:51','2025-12-04 07:04:09','2025-12-05 07:13:51'),(1234,76,6,103,'牛奶','','medium',2,NULL,'2025-12-04 07:04:09','2025-12-05 07:13:51'),(1235,76,1,100,'准考证','','medium',1,'2025-12-05 07:13:52','2025-12-04 07:04:09','2025-12-05 07:13:52'),(1236,76,6,96,'草莓','','medium',2,NULL,'2025-12-04 07:04:09','2025-12-05 07:13:52'),(1237,77,6,102,'白巧克力','','medium',1,'2025-12-05 07:01:11','2025-12-04 07:09:19','2025-12-05 07:01:11'),(1238,77,6,103,'牛奶','','medium',1,'2025-12-05 07:01:11','2025-12-04 07:09:19','2025-12-05 07:01:11'),(1239,77,1,100,'准考证','','medium',1,'2025-12-05 07:01:12','2025-12-04 07:09:19','2025-12-05 07:01:12'),(1240,77,6,96,'草莓','','medium',1,'2025-12-05 07:01:12','2025-12-04 07:09:19','2025-12-05 07:01:12'),(1241,78,1,3,'学生证','优惠凭证','medium',1,'2025-12-04 09:49:55','2025-12-04 08:58:19','2025-12-04 09:49:55'),(1242,78,2,36,'拖鞋','住宿使用','medium',1,'2025-12-04 09:49:50','2025-12-04 08:58:19','2025-12-04 09:49:50'),(1243,78,5,57,'常用药品','基础药品','medium',1,'2025-12-04 09:49:51','2025-12-04 08:58:19','2025-12-04 09:49:51'),(1244,78,6,70,'压缩饼干','轻便食品','medium',1,'2025-12-04 09:49:52','2025-12-04 08:58:19','2025-12-04 09:49:52'),(1245,78,7,73,'防潮垫','防潮保暖','medium',1,'2025-12-04 09:49:53','2025-12-04 08:58:19','2025-12-04 09:49:53'),(1246,78,9,84,'手电筒','夜间照明','medium',1,'2025-12-04 09:49:53','2025-12-04 08:58:19','2025-12-04 09:49:53'),(1247,78,10,86,'雨伞','防雨用品','medium',1,'2025-12-04 09:49:54','2025-12-04 08:58:19','2025-12-04 09:49:54'),(1248,78,3,40,'相机','记录旅行','low',1,'2025-12-04 09:49:59','2025-12-04 08:58:19','2025-12-04 09:49:59'),(1249,78,10,88,'洗衣粉','衣物清洁','low',1,'2025-12-04 09:49:57','2025-12-04 08:58:19','2025-12-04 09:49:57'),(1250,78,5,58,'创可贴','小伤口处理','low',1,'2025-12-04 09:49:56','2025-12-04 08:58:19','2025-12-04 09:49:56'),(1251,78,9,83,'口哨','求救信号','low',1,'2025-12-04 09:49:57','2025-12-04 08:58:19','2025-12-04 09:49:57'),(1252,78,10,87,'塑料袋','收纳防水','low',1,'2025-12-04 09:49:57','2025-12-04 08:58:19','2025-12-04 09:49:57'),(1253,78,1,1,'身份证','身份证明','high',1,'2025-12-04 09:50:10','2025-12-04 08:58:19','2025-12-04 09:50:10'),(1254,78,2,24,'速干衣','轻便易干','high',1,'2025-12-04 09:50:09','2025-12-04 08:58:19','2025-12-04 09:50:09'),(1255,78,2,23,'冲锋衣','防风防雨','high',1,'2025-12-04 09:50:08','2025-12-04 08:58:19','2025-12-04 09:50:08'),(1256,78,2,34,'牛仔裤','耐磨实用','high',1,'2025-12-04 09:50:08','2025-12-04 08:58:19','2025-12-04 09:50:08'),(1257,78,2,35,'运动鞋','舒适行走','high',1,'2025-12-04 09:50:07','2025-12-04 08:58:19','2025-12-04 09:50:07'),(1258,78,3,37,'手机','通讯导航','high',1,'2025-12-04 09:50:06','2025-12-04 08:58:19','2025-12-04 09:50:06'),(1259,78,3,38,'充电器','设备充电','high',1,'2025-12-04 09:50:05','2025-12-04 08:58:19','2025-12-04 09:50:05'),(1260,78,3,39,'充电宝','移动电源','high',1,'2025-12-04 09:50:04','2025-12-04 08:58:19','2025-12-04 09:50:04'),(1261,78,4,56,'洗漱用品','个人清洁','high',1,'2025-12-04 09:50:03','2025-12-04 08:58:19','2025-12-04 09:50:03'),(1262,78,4,50,'毛巾','个人用品','high',1,'2025-12-04 09:50:03','2025-12-04 08:58:19','2025-12-04 09:50:03'),(1263,78,6,66,'水杯','饮水工具','high',1,'2025-12-04 09:50:02','2025-12-04 08:58:19','2025-12-04 09:50:02'),(1264,78,7,77,'大背包','装载装备','high',1,'2025-12-04 09:50:01','2025-12-04 08:58:19','2025-12-04 09:50:01'),(1265,78,7,72,'睡袋','住宿装备','high',1,'2025-12-04 09:50:00','2025-12-04 08:58:19','2025-12-04 09:50:00'),(1266,79,1,3,'学生证','优惠凭证','medium',1,'2025-12-04 09:45:18','2025-12-04 08:58:19','2025-12-04 09:45:18'),(1267,79,2,36,'拖鞋','住宿使用','medium',1,'2025-12-04 09:45:12','2025-12-04 08:58:19','2025-12-04 09:45:12'),(1268,79,5,57,'常用药品','基础药品','medium',1,'2025-12-04 09:45:16','2025-12-04 08:58:19','2025-12-04 09:45:16'),(1269,79,6,70,'压缩饼干','轻便食品','medium',1,'2025-12-04 09:45:17','2025-12-04 08:58:19','2025-12-04 09:45:17'),(1270,79,7,73,'防潮垫','防潮保暖','medium',1,'2025-12-04 09:45:17','2025-12-04 08:58:19','2025-12-04 09:45:17'),(1271,79,9,84,'手电筒','夜间照明','medium',1,'2025-12-04 09:45:17','2025-12-04 08:58:19','2025-12-04 09:45:17'),(1272,79,10,86,'雨伞','防雨用品','medium',1,'2025-12-04 09:45:18','2025-12-04 08:58:19','2025-12-04 09:45:18'),(1273,79,3,40,'相机','记录旅行','low',1,'2025-12-04 09:45:21','2025-12-04 08:58:19','2025-12-04 09:45:21'),(1274,79,10,88,'洗衣粉','衣物清洁','low',1,'2025-12-04 09:45:21','2025-12-04 08:58:19','2025-12-04 09:45:21'),(1275,79,5,58,'创可贴','小伤口处理','low',1,'2025-12-04 09:45:20','2025-12-04 08:58:19','2025-12-04 09:45:20'),(1276,79,9,83,'口哨','求救信号','low',1,'2025-12-04 09:45:20','2025-12-04 08:58:19','2025-12-04 09:45:20'),(1277,79,10,87,'塑料袋','收纳防水','low',1,'2025-12-04 09:45:20','2025-12-04 08:58:19','2025-12-04 09:45:20'),(1278,79,1,1,'身份证','身份证明','high',1,'2025-12-04 09:45:29','2025-12-04 08:58:19','2025-12-04 09:45:29'),(1279,79,2,24,'速干衣','轻便易干','high',1,'2025-12-04 09:45:29','2025-12-04 08:58:19','2025-12-04 09:45:29'),(1280,79,2,23,'冲锋衣','防风防雨','high',1,'2025-12-04 09:45:28','2025-12-04 08:58:19','2025-12-04 09:45:28'),(1281,79,2,34,'牛仔裤','耐磨实用','high',1,'2025-12-04 09:45:28','2025-12-04 08:58:19','2025-12-04 09:45:28'),(1282,79,2,35,'运动鞋','舒适行走','high',1,'2025-12-04 09:45:27','2025-12-04 08:58:19','2025-12-04 09:45:27'),(1283,79,3,37,'手机','通讯导航','high',1,'2025-12-04 09:45:27','2025-12-04 08:58:19','2025-12-04 09:45:27'),(1284,79,3,38,'充电器','设备充电','high',1,'2025-12-04 09:45:25','2025-12-04 08:58:19','2025-12-04 09:45:25'),(1285,79,3,39,'充电宝','移动电源','high',1,'2025-12-04 09:45:25','2025-12-04 08:58:19','2025-12-04 09:45:25'),(1286,79,4,56,'洗漱用品','个人清洁','high',1,'2025-12-04 09:45:24','2025-12-04 08:58:19','2025-12-04 09:45:24'),(1287,79,4,50,'毛巾','个人用品','high',1,'2025-12-04 09:45:24','2025-12-04 08:58:19','2025-12-04 09:45:24'),(1288,79,6,66,'水杯','饮水工具','high',1,'2025-12-04 09:45:23','2025-12-04 08:58:19','2025-12-04 09:45:23'),(1289,79,7,77,'大背包','装载装备','high',1,'2025-12-04 09:45:23','2025-12-04 08:58:19','2025-12-04 09:45:23'),(1290,79,7,72,'睡袋','住宿装备','high',1,'2025-12-04 09:45:22','2025-12-04 08:58:19','2025-12-04 09:45:22'),(1331,82,1,3,'学生证/老年证','如有优惠证件请携带','medium',1,'2025-12-05 06:56:54','2025-12-05 06:37:36','2025-12-05 06:56:54'),(1332,82,2,15,'外套','根据目的地天气准备','medium',1,'2025-12-05 06:56:51','2025-12-05 06:37:36','2025-12-05 06:56:51'),(1333,82,4,51,'洗发水','小瓶装即可','medium',1,'2025-12-05 06:56:52','2025-12-05 06:37:36','2025-12-05 06:56:52'),(1334,82,4,52,'沐浴露','小瓶装即可','medium',1,'2025-12-05 06:56:52','2025-12-05 06:37:36','2025-12-05 06:56:52'),(1335,82,5,57,'常用药品','感冒药、止痛药等','medium',1,'2025-12-05 06:56:53','2025-12-05 06:37:36','2025-12-05 06:56:53'),(1336,82,6,66,'水杯','环保饮水','medium',1,'2025-12-05 06:56:53','2025-12-05 06:37:36','2025-12-05 06:56:53'),(1337,82,1,2,'护照',NULL,'medium',1,'2025-12-05 06:56:53','2025-12-05 06:37:36','2025-12-05 06:56:53'),(1338,82,3,40,'相机','记录美好时光','low',1,'2025-12-05 06:56:54','2025-12-05 06:37:36','2025-12-05 06:56:54'),(1339,82,5,58,'创可贴','小伤口处理','low',1,'2025-12-05 06:56:54','2025-12-05 06:37:36','2025-12-05 06:56:54'),(1340,82,6,65,'零食','路上解馋用','low',1,'2025-12-05 06:56:55','2025-12-05 06:37:36','2025-12-05 06:56:55'),(1341,82,1,1,'身份证','必须携带，用于住宿登记','high',1,'2025-12-05 06:56:59','2025-12-05 06:37:36','2025-12-05 06:56:59'),(1342,82,2,11,'换洗衣物','根据天气准备3-4套','high',1,'2025-12-05 06:56:59','2025-12-05 06:37:36','2025-12-05 06:56:59'),(1343,82,2,12,'内衣裤','准备足够的内衣裤','high',1,'2025-12-05 06:56:58','2025-12-05 06:37:36','2025-12-05 06:56:58'),(1344,82,2,13,'袜子','准备3-4双袜子','high',1,'2025-12-05 06:56:57','2025-12-05 06:37:36','2025-12-05 06:56:57'),(1345,82,2,14,'舒适鞋子','适合步行的鞋子','high',1,'2025-12-05 06:56:57','2025-12-05 06:37:36','2025-12-05 06:56:57'),(1346,82,3,37,'手机','保持通讯畅通','high',1,'2025-12-05 06:56:57','2025-12-05 06:37:36','2025-12-05 06:56:57'),(1347,82,3,38,'手机充电器','确保手机有电','high',1,'2025-12-05 06:56:56','2025-12-05 06:37:36','2025-12-05 06:56:56'),(1348,82,4,48,'牙刷','个人清洁用品','high',1,'2025-12-05 06:57:23','2025-12-05 06:37:36','2025-12-05 06:57:23'),(1349,82,4,49,'牙膏','个人清洁用品','high',1,'2025-12-05 06:57:22','2025-12-05 06:37:36','2025-12-05 06:57:22'),(1350,82,4,50,'毛巾','个人清洁用品','high',1,'2025-12-05 06:57:22','2025-12-05 06:37:36','2025-12-05 06:57:22'),(1351,77,10,112,'卡牌','','medium',1,'2025-12-05 07:13:25','2025-12-05 07:13:24','2025-12-05 07:13:25'),(1498,92,1,3,'学生证/老年证','如有优惠证件请携带','medium',1,'2025-12-08 08:25:37','2025-12-08 08:19:06','2025-12-08 08:25:37'),(1499,92,2,15,'外套','根据目的地天气准备','medium',1,'2025-12-08 08:19:14','2025-12-08 08:19:06','2025-12-08 08:19:14'),(1500,92,4,51,'洗发水','小瓶装即可','medium',1,'2025-12-08 08:21:55','2025-12-08 08:19:06','2025-12-08 08:21:55'),(1501,92,4,52,'沐浴露','小瓶装即可','medium',1,'2025-12-08 08:21:53','2025-12-08 08:19:06','2025-12-08 08:21:53'),(1502,92,5,57,'常用药品','感冒药、止痛药等','medium',1,'2025-12-08 08:25:34','2025-12-08 08:19:06','2025-12-08 08:25:34'),(1503,92,6,66,'水杯','环保饮水','medium',1,'2025-12-08 08:25:36','2025-12-08 08:19:06','2025-12-08 08:25:36'),(1504,92,1,2,'护照',NULL,'medium',1,'2025-12-08 08:21:55','2025-12-08 08:19:06','2025-12-08 08:21:55'),(1505,92,3,40,'相机','记录美好时光','low',1,'2025-12-08 08:25:42','2025-12-08 08:19:06','2025-12-08 08:25:42'),(1506,92,5,58,'创可贴','小伤口处理','low',1,'2025-12-08 08:25:43','2025-12-08 08:19:06','2025-12-08 08:25:43'),(1507,92,6,65,'零食','路上解馋用','low',1,'2025-12-08 08:28:22','2025-12-08 08:19:06','2025-12-08 08:28:22'),(1508,92,1,1,'身份证','必须携带，用于住宿登记','high',1,'2025-12-08 08:36:23','2025-12-08 08:19:06','2025-12-08 08:36:23'),(1509,92,2,11,'换洗衣物','根据天气准备3-4套','high',0,NULL,'2025-12-08 08:19:06','2025-12-08 08:19:06'),(1510,92,2,12,'内衣裤','准备足够的内衣裤','high',0,NULL,'2025-12-08 08:19:06','2025-12-08 08:19:06'),(1511,92,2,13,'袜子','准备3-4双袜子','high',1,'2025-12-08 08:36:21','2025-12-08 08:19:06','2025-12-08 08:36:21'),(1512,92,2,14,'舒适鞋子','适合步行的鞋子','high',0,NULL,'2025-12-08 08:19:06','2025-12-08 08:19:06'),(1513,92,3,37,'手机','保持通讯畅通','high',1,'2026-01-06 16:07:14','2025-12-08 08:19:06','2026-01-06 16:07:14'),(1514,92,3,38,'手机充电器','确保手机有电','high',1,'2026-01-06 16:07:12','2025-12-08 08:19:06','2026-01-06 16:07:12'),(1515,92,4,48,'牙刷','个人清洁用品','high',1,'2026-01-06 16:07:13','2025-12-08 08:19:06','2026-01-06 16:07:13'),(1516,92,4,49,'牙膏','个人清洁用品','high',1,'2025-12-08 08:37:31','2025-12-08 08:19:06','2025-12-08 08:37:31'),(1517,92,4,50,'毛巾','个人清洁用品','high',1,'2025-12-08 08:34:52','2025-12-08 08:19:06','2025-12-08 08:34:52'),(1518,93,1,3,'学生证/老年证','如有优惠证件请携带','medium',1,'2025-12-09 12:48:41','2025-12-08 08:38:34','2025-12-09 12:48:41'),(1519,93,2,15,'外套','根据目的地天气准备','medium',1,'2025-12-09 12:48:38','2025-12-08 08:38:34','2025-12-09 12:48:38'),(1520,93,4,51,'洗发水','小瓶装即可','medium',1,'2025-12-09 12:48:38','2025-12-08 08:38:34','2025-12-09 12:48:38'),(1521,93,4,52,'沐浴露','小瓶装即可','medium',1,'2025-12-09 12:48:39','2025-12-08 08:38:34','2025-12-09 12:48:39'),(1522,93,5,57,'常用药品','感冒药、止痛药等','medium',1,'2025-12-09 12:48:39','2025-12-08 08:38:34','2025-12-09 12:48:39'),(1523,93,6,66,'水杯','环保饮水','medium',1,'2025-12-09 12:48:40','2025-12-08 08:38:34','2025-12-09 12:48:40'),(1524,93,1,2,'护照',NULL,'medium',1,'2025-12-09 12:48:40','2025-12-08 08:38:34','2025-12-09 12:48:40'),(1525,93,3,40,'相机','记录美好时光','low',1,'2025-12-08 12:20:34','2025-12-08 08:38:34','2025-12-08 12:20:34'),(1526,93,5,58,'创可贴','小伤口处理','low',1,'2025-12-08 12:15:08','2025-12-08 08:38:34','2025-12-08 12:15:08'),(1527,93,6,65,'零食','路上解馋用','low',1,'2025-12-09 12:48:41','2025-12-08 08:38:34','2025-12-09 12:48:41'),(1528,93,1,1,'身份证','必须携带，用于住宿登记','high',1,'2025-12-08 12:14:51','2025-12-08 08:38:34','2025-12-08 12:14:51'),(1529,93,2,11,'换洗衣物','根据天气准备3-4套','high',1,'2025-12-08 12:20:38','2025-12-08 08:38:34','2025-12-08 12:20:38'),(1530,93,2,12,'内衣裤','准备足够的内衣裤','high',1,'2025-12-08 12:20:38','2025-12-08 08:38:34','2025-12-08 12:20:38'),(1531,93,2,13,'袜子','准备3-4双袜子','high',1,'2025-12-08 12:20:37','2025-12-08 08:38:34','2025-12-08 12:20:37'),(1532,93,2,14,'舒适鞋子','适合步行的鞋子','high',1,'2025-12-08 12:20:36','2025-12-08 08:38:34','2025-12-08 12:20:36'),(1533,93,3,37,'手机','保持通讯畅通','high',1,'2025-12-08 12:20:35','2025-12-08 08:38:34','2025-12-08 12:20:35'),(1534,93,3,38,'手机充电器','确保手机有电','high',1,'2025-12-08 12:20:34','2025-12-08 08:38:34','2025-12-08 12:20:34'),(1535,93,4,48,'牙刷','个人清洁用品','high',1,'2025-12-08 12:15:05','2025-12-08 08:38:34','2025-12-08 12:15:05'),(1536,93,4,49,'牙膏','个人清洁用品','high',1,'2025-12-08 09:13:04','2025-12-08 08:38:34','2025-12-08 09:13:04'),(1537,93,4,50,'毛巾','个人清洁用品','high',1,'2025-12-08 12:15:05','2025-12-08 08:38:34','2025-12-08 12:15:05'),(1538,94,1,3,'学生证/老年证','如有优惠证件请携带','medium',1,'2025-12-08 12:05:23','2025-12-08 09:16:27','2025-12-08 12:05:23'),(1539,94,2,15,'外套','根据目的地天气准备','medium',1,'2025-12-10 02:09:24','2025-12-08 09:16:27','2025-12-10 02:09:24'),(1540,94,4,51,'洗发水','小瓶装即可','medium',1,'2025-12-10 02:07:34','2025-12-08 09:16:27','2025-12-10 02:07:34'),(1541,94,4,52,'沐浴露','小瓶装即可','medium',1,'2025-12-10 02:07:37','2025-12-08 09:16:27','2025-12-10 02:07:37'),(1542,94,5,57,'常用药品','感冒药、止痛药等','medium',1,'2025-12-10 02:06:07','2025-12-08 09:16:27','2025-12-10 02:06:07'),(1543,94,6,66,'水杯','环保饮水','medium',1,'2025-12-10 02:06:07','2025-12-08 09:16:27','2025-12-10 02:06:07'),(1544,94,1,2,'护照',NULL,'medium',1,'2025-12-10 02:06:08','2025-12-08 09:16:27','2025-12-10 02:06:08'),(1545,94,3,40,'相机','记录美好时光','low',1,'2025-12-08 12:11:09','2025-12-08 09:16:27','2025-12-08 12:11:09'),(1546,94,5,58,'创可贴','小伤口处理','low',1,'2025-12-08 12:05:17','2025-12-08 09:16:27','2025-12-08 12:05:17'),(1547,94,6,65,'零食','路上解馋用','low',1,'2025-12-08 09:17:35','2025-12-08 09:16:27','2025-12-08 09:17:35'),(1548,94,1,1,'身份证','必须携带，用于住宿登记','high',1,'2025-12-08 12:11:14','2025-12-08 09:16:27','2025-12-08 12:11:14'),(1549,94,2,11,'换洗衣物','根据天气准备3-4套','high',1,'2025-12-08 12:11:14','2025-12-08 09:16:27','2025-12-08 12:11:14'),(1550,94,2,12,'内衣裤','准备足够的内衣裤','high',1,'2025-12-08 12:11:13','2025-12-08 09:16:27','2025-12-08 12:11:13'),(1551,94,2,13,'袜子','准备3-4双袜子','high',1,'2025-12-08 12:11:13','2025-12-08 09:16:27','2025-12-08 12:11:13'),(1552,94,2,14,'舒适鞋子','适合步行的鞋子','high',1,'2025-12-08 12:11:12','2025-12-08 09:16:27','2025-12-08 12:11:12'),(1553,94,3,37,'手机','保持通讯畅通','high',1,'2025-12-08 12:11:12','2025-12-08 09:16:27','2025-12-08 12:11:12'),(1554,94,3,38,'手机充电器','确保手机有电','high',1,'2025-12-08 12:11:11','2025-12-08 09:16:27','2025-12-08 12:11:11'),(1555,94,4,48,'牙刷','个人清洁用品','high',1,'2025-12-08 12:05:21','2025-12-08 09:16:27','2025-12-08 12:05:21'),(1556,94,4,49,'牙膏','个人清洁用品','high',1,'2025-12-08 12:11:11','2025-12-08 09:16:27','2025-12-08 12:11:11'),(1557,94,4,50,'毛巾','个人清洁用品','high',1,'2025-12-08 12:11:10','2025-12-08 09:16:27','2025-12-08 12:11:10'),(1558,94,6,107,'奶油','','medium',1,'2025-12-10 01:49:25','2025-12-08 09:17:12','2025-12-10 01:49:25'),(1559,94,6,101,'香蕉','','medium',1,'2025-12-10 02:06:08','2025-12-08 09:17:53','2025-12-10 02:06:08'),(1560,94,6,103,'牛奶','','medium',1,'2025-12-10 01:49:26','2025-12-08 09:17:56','2025-12-10 01:49:26'),(1561,94,6,99,'葡萄','','medium',1,'2025-12-08 12:05:26','2025-12-08 09:17:58','2025-12-08 12:05:26'),(1562,94,1,4,'驾驶证','','medium',1,'2025-12-08 12:05:27','2025-12-08 09:20:05','2025-12-08 12:05:27'),(1563,94,1,5,'机票','','medium',1,'2025-12-08 12:05:44','2025-12-08 09:20:06','2025-12-08 12:05:44'),(1564,94,1,6,'签证','','medium',1,'2025-12-08 12:05:45','2025-12-08 09:20:07','2025-12-08 12:05:45'),(1566,94,1,7,'名片','','medium',1,'2025-12-08 12:02:35','2025-12-08 12:01:18','2025-12-08 12:02:35'),(1567,94,1,8,'户口本','','medium',1,'2025-12-08 12:10:57','2025-12-08 12:01:19','2025-12-08 12:10:57'),(1568,94,1,9,'酒店预订单','','medium',1,'2025-12-08 12:10:58','2025-12-08 12:01:20','2025-12-08 12:10:58'),(1569,94,1,10,'旅行保险单','','medium',1,'2025-12-08 12:10:58','2025-12-08 12:01:21','2025-12-08 12:10:58'),(1570,94,2,17,'防晒衣','','medium',1,'2025-12-08 12:11:00','2025-12-08 12:01:27','2025-12-08 12:11:00'),(1571,94,2,18,'正装','','medium',1,'2025-12-08 12:11:01','2025-12-08 12:01:29','2025-12-08 12:11:01'),(1572,94,2,16,'泳衣','','medium',1,'2025-12-08 12:11:02','2025-12-08 12:01:31','2025-12-08 12:11:02'),(1573,94,6,98,'猕猴桃','','medium',1,'2025-12-08 12:11:03','2025-12-08 12:01:51','2025-12-08 12:11:03'),(1574,94,6,97,'蓝莓','','medium',1,'2025-12-08 12:11:04','2025-12-08 12:01:52','2025-12-08 12:11:04'),(1575,94,6,96,'草莓','','medium',1,'2025-12-08 12:11:05','2025-12-08 12:01:52','2025-12-08 12:11:05'),(1576,94,6,95,'矿泉水','','medium',1,'2025-12-08 12:11:05','2025-12-08 12:01:53','2025-12-08 12:11:05'),(1577,94,6,92,'巧克力','','medium',1,'2025-12-08 12:11:06','2025-12-08 12:01:54','2025-12-08 12:11:06'),(1578,94,6,90,'百事可乐','','medium',1,'2025-12-08 12:11:07','2025-12-08 12:01:54','2025-12-08 12:11:07'),(1579,94,8,109,'书包1','','medium',1,'2025-12-08 12:11:08','2025-12-08 12:10:33','2025-12-08 12:11:08'),(1580,94,3,108,'蓝牙耳机','','medium',1,'2025-12-08 12:11:08','2025-12-08 12:10:35','2025-12-08 12:11:08'),(1604,96,6,102,'白巧克力','','medium',0,NULL,'2025-12-10 11:40:11','2025-12-10 11:40:11'),(1605,96,6,103,'牛奶','','medium',0,NULL,'2025-12-10 11:40:11','2025-12-10 11:40:11'),(1606,96,1,100,'准考证','','medium',0,NULL,'2025-12-10 11:40:11','2025-12-10 11:40:11'),(1607,96,6,96,'草莓','','medium',0,NULL,'2025-12-10 11:40:11','2025-12-10 11:40:11'),(1608,97,1,1,'身份证',NULL,'medium',1,'2025-12-11 01:56:46','2025-12-11 01:54:39','2025-12-11 01:56:46'),(1609,97,1,3,'学生证',NULL,'medium',1,'2025-12-11 01:57:19','2025-12-11 01:54:39','2025-12-11 01:57:19'),(1610,97,1,5,'机票',NULL,'medium',1,'2025-12-11 01:56:48','2025-12-11 01:54:39','2025-12-11 01:56:48'),(1611,97,1,9,'酒店预订单',NULL,'medium',1,'2025-12-11 01:56:47','2025-12-11 01:54:39','2025-12-11 01:56:47'),(1612,97,2,11,'换洗衣物',NULL,'medium',1,'2025-12-11 01:56:47','2025-12-11 01:54:39','2025-12-11 01:56:47'),(1613,97,2,12,'内衣裤',NULL,'medium',1,'2025-12-11 01:56:47','2025-12-11 01:54:39','2025-12-11 01:56:47'),(1614,97,2,13,'袜子',NULL,'medium',1,'2025-12-11 01:56:46','2025-12-11 01:54:39','2025-12-11 01:56:46'),(1615,97,2,14,'舒适鞋子',NULL,'medium',1,'2025-12-11 01:56:46','2025-12-11 01:54:39','2025-12-11 01:56:46'),(1616,97,2,15,'外套',NULL,'medium',1,'2025-12-11 01:56:46','2025-12-11 01:54:39','2025-12-11 01:56:46'),(1617,97,3,37,'手机',NULL,'medium',1,'2025-12-11 01:56:46','2025-12-11 01:54:39','2025-12-11 01:56:46'),(1618,97,3,38,'充电器',NULL,'medium',1,'2025-12-11 01:56:37','2025-12-11 01:54:39','2025-12-11 01:56:37'),(1619,97,3,39,'充电宝',NULL,'medium',1,'2025-12-11 01:56:45','2025-12-11 01:54:39','2025-12-11 01:56:45'),(1620,97,3,40,'相机',NULL,'medium',1,'2025-12-11 01:56:45','2025-12-11 01:54:39','2025-12-11 01:56:45'),(1621,97,4,48,'牙刷',NULL,'medium',1,'2025-12-11 01:56:45','2025-12-11 01:54:39','2025-12-11 01:56:45'),(1622,97,4,49,'牙膏',NULL,'medium',1,'2025-12-11 01:56:45','2025-12-11 01:54:39','2025-12-11 01:56:45'),(1623,97,4,50,'毛巾',NULL,'medium',1,'2025-12-11 01:56:44','2025-12-11 01:54:39','2025-12-11 01:56:44'),(1624,97,4,51,'洗发水',NULL,'medium',1,'2025-12-11 01:56:44','2025-12-11 01:54:39','2025-12-11 01:56:44'),(1625,97,4,52,'沐浴露',NULL,'medium',1,'2025-12-11 01:56:39','2025-12-11 01:54:39','2025-12-11 01:56:39'),(1626,97,10,86,'雨伞',NULL,'medium',1,'2025-12-11 01:56:39','2025-12-11 01:54:39','2025-12-11 01:56:39'),(1627,97,7,75,'背包',NULL,'medium',1,'2025-12-11 01:56:38','2025-12-11 01:54:39','2025-12-11 01:56:38'),(1628,97,10,112,'卡牌','','medium',1,'2025-12-11 01:57:18','2025-12-11 01:57:00','2025-12-11 01:57:18'),(1629,97,8,109,'书包1','','medium',1,'2025-12-11 01:57:19','2025-12-11 01:57:02','2025-12-11 01:57:19'),(1630,97,3,105,'鼠标','','medium',1,'2025-12-11 01:57:18','2025-12-11 01:57:04','2025-12-11 01:57:18'),(1631,97,5,104,'牛奶','','medium',1,'2025-12-11 01:57:15','2025-12-11 01:57:04','2025-12-11 01:57:15'),(1632,98,1,3,'学生证/老年证','如有优惠证件请携带','medium',0,NULL,'2026-01-06 16:10:32','2026-01-06 16:10:32'),(1633,98,2,15,'外套','根据目的地天气准备','medium',0,NULL,'2026-01-06 16:10:32','2026-01-06 16:10:32'),(1634,98,3,39,'充电宝','移动电源备用','medium',0,NULL,'2026-01-06 16:10:32','2026-01-06 16:10:32'),(1635,98,4,51,'洗发水','小瓶装即可','medium',0,NULL,'2026-01-06 16:10:32','2026-01-06 16:10:32'),(1636,98,4,52,'沐浴露','小瓶装即可','medium',0,NULL,'2026-01-06 16:10:32','2026-01-06 16:10:32'),(1637,98,5,57,'常用药品','感冒药、止痛药等','medium',0,NULL,'2026-01-06 16:10:32','2026-01-06 16:10:32'),(1638,98,6,66,'水杯','环保饮水','medium',0,NULL,'2026-01-06 16:10:32','2026-01-06 16:10:32'),(1639,98,1,2,'护照',NULL,'medium',0,NULL,'2026-01-06 16:10:32','2026-01-06 16:10:32'),(1640,98,3,40,'相机','记录美好时光','low',0,NULL,'2026-01-06 16:10:32','2026-01-06 16:10:32'),(1641,98,5,58,'创可贴','小伤口处理','low',0,NULL,'2026-01-06 16:10:32','2026-01-06 16:10:32'),(1642,98,6,65,'零食','路上解馋用','low',0,NULL,'2026-01-06 16:10:32','2026-01-06 16:10:32'),(1643,98,1,1,'身份证','必须携带，用于住宿登记','high',0,NULL,'2026-01-06 16:10:32','2026-01-06 16:10:32'),(1644,98,2,11,'换洗衣物','根据天气准备3-4套','high',0,NULL,'2026-01-06 16:10:32','2026-01-06 16:10:32'),(1645,98,2,12,'内衣裤','准备足够的内衣裤','high',0,NULL,'2026-01-06 16:10:32','2026-01-06 16:10:32'),(1646,98,2,13,'袜子','准备3-4双袜子','high',0,NULL,'2026-01-06 16:10:32','2026-01-06 16:10:32'),(1647,98,2,14,'舒适鞋子','适合步行的鞋子','high',0,NULL,'2026-01-06 16:10:32','2026-01-06 16:10:32'),(1648,98,3,37,'手机','保持通讯畅通','high',0,NULL,'2026-01-06 16:10:32','2026-01-06 16:10:32'),(1649,98,3,38,'手机充电器','确保手机有电','high',0,NULL,'2026-01-06 16:10:32','2026-01-06 16:10:32'),(1650,98,4,48,'牙刷','个人清洁用品','high',0,NULL,'2026-01-06 16:10:32','2026-01-06 16:10:32'),(1651,98,4,49,'牙膏','个人清洁用品','high',0,NULL,'2026-01-06 16:10:32','2026-01-06 16:10:32'),(1652,98,4,50,'毛巾','个人清洁用品','high',0,NULL,'2026-01-06 16:10:32','2026-01-06 16:10:32');
/*!40000 ALTER TABLE `items` ENABLE KEYS */;
UNLOCK TABLES;

--
-- Table structure for table `template_items`
--

DROP TABLE IF EXISTS `template_items`;
/*!40101 SET @saved_cs_client     = @@character_set_client */;
/*!50503 SET character_set_client = utf8mb4 */;
CREATE TABLE `template_items` (
  `id` int NOT NULL AUTO_INCREMENT,
  `template_id` int DEFAULT NULL,
  `category_id` int DEFAULT NULL,
  `item_overview_id` int DEFAULT NULL,
  `name` mediumtext CHARACTER SET utf8mb4 COLLATE utf8mb4_0900_ai_ci,
  `note` mediumtext CHARACTER SET utf8mb4 COLLATE utf8mb4_0900_ai_ci,
  `priority` varchar(32) CHARACTER SET utf8mb4 COLLATE utf8mb4_0900_ai_ci DEFAULT NULL,
  `created_at` timestamp NULL DEFAULT NULL,
  `category` varchar(64) CHARACTER SET utf8mb4 COLLATE utf8mb4_0900_ai_ci DEFAULT NULL,
  PRIMARY KEY (`id`) USING BTREE
) ENGINE=InnoDB AUTO_INCREMENT=362 DEFAULT CHARSET=utf8mb4 COLLATE=utf8mb4_0900_ai_ci COMMENT='模板物品表';
/*!40101 SET character_set_client = @saved_cs_client */;

--
-- Dumping data for table `template_items`
--

LOCK TABLES `template_items` WRITE;
/*!40000 ALTER TABLE `template_items` DISABLE KEYS */;
INSERT INTO `template_items` (`id`, `template_id`, `category_id`, `item_overview_id`, `name`, `note`, `priority`, `created_at`, `category`) VALUES (21,2,1,1,'身份证','必须携带','high','2025-10-28 07:53:26',NULL),(22,2,1,7,'名片','商务交流必备','high','2025-10-28 07:53:26',NULL),(23,2,2,18,'正装','商务会议穿着','high','2025-10-28 07:53:26',NULL),(24,2,2,19,'商务衬衫','准备2-3件','high','2025-10-28 07:53:26',NULL),(25,2,2,20,'领带','商务正装搭配','medium','2025-10-28 07:53:26',NULL),(26,2,2,21,'皮鞋','商务场合穿着','high','2025-10-28 07:53:26',NULL),(27,2,2,22,'休闲装','非正式场合穿着','medium','2025-10-28 07:53:26',NULL),(28,2,3,41,'笔记本电脑','办公必备','high','2025-10-28 07:53:26',NULL),(29,2,3,37,'手机','通讯工具','high','2025-10-28 07:53:26',NULL),(30,2,3,38,'充电器','电子设备充电','high','2025-10-28 07:53:26',NULL),(31,2,3,42,'移动硬盘','数据备份','medium','2025-10-28 07:53:26',NULL),(32,2,8,78,'合同文件','商务文件','high','2025-10-28 07:53:26',NULL),(33,2,8,79,'笔','记录用','medium','2025-10-28 07:53:26',NULL),(34,2,8,80,'笔记本','会议记录','medium','2025-10-28 07:53:26',NULL),(35,2,4,56,'洗漱用品','个人清洁','medium','2025-10-28 07:53:26',NULL),(36,2,5,57,'常用药品','出差必备','medium','2025-10-28 07:53:26',NULL),(37,3,1,1,'身份证','成人身份证','high','2025-10-28 07:53:26',NULL),(38,3,1,8,'户口本','儿童身份证明','high','2025-10-28 07:53:26',NULL),(39,3,2,32,'成人衣物','父母衣物','high','2025-10-28 07:53:26',NULL),(40,3,2,33,'儿童衣物','孩子衣物，多准备几套','high','2025-10-28 07:53:26',NULL),(41,3,2,16,'泳衣','海边或泳池使用','medium','2025-10-28 07:53:26',NULL),(42,3,2,31,'防晒帽','防晒用品','medium','2025-10-28 07:53:26',NULL),(43,3,2,30,'太阳镜','防晒护眼','low','2025-10-28 07:53:26',NULL),(44,3,3,37,'手机','通讯工具','high','2025-10-28 07:53:26',NULL),(45,3,3,40,'相机','记录家庭时光','medium','2025-10-28 07:53:26',NULL),(46,3,3,38,'充电器','电子设备充电','high','2025-10-28 07:53:26',NULL),(47,3,4,54,'儿童洗漱用品','儿童专用','high','2025-10-28 07:53:26',NULL),(48,3,4,55,'成人洗漱用品','成人用品','high','2025-10-28 07:53:26',NULL),(49,3,4,53,'防晒霜','防晒保护','medium','2025-10-28 07:53:26',NULL),(50,3,5,60,'儿童药品','儿童专用药品','high','2025-10-28 07:53:26',NULL),(51,3,5,61,'成人药品','成人药品','medium','2025-10-28 07:53:26',NULL),(52,3,5,59,'体温计','监测体温','medium','2025-10-28 07:53:26',NULL),(53,3,6,67,'儿童零食','孩子喜欢的零食','medium','2025-10-28 07:53:26',NULL),(54,3,6,66,'水杯','饮水工具','high','2025-10-28 07:53:26',NULL),(55,3,6,68,'保温杯','热水保温','medium','2025-10-28 07:53:26',NULL),(56,3,9,85,'儿童安全座椅','乘车安全','high','2025-10-28 07:53:26',NULL),(57,4,1,1,'身份证','身份证明','high','2025-10-28 07:53:26',NULL),(58,4,2,23,'冲锋衣','防风防雨','high','2025-10-28 07:53:26',NULL),(59,4,2,24,'速干衣','排汗透气','high','2025-10-28 07:53:26',NULL),(60,4,2,25,'登山裤','耐磨舒适','high','2025-10-28 07:53:26',NULL),(61,4,2,26,'登山鞋','防滑耐磨','high','2025-10-28 07:53:26',NULL),(62,4,2,27,'登山袜','厚实保暖','high','2025-10-28 07:53:26',NULL),(63,4,2,28,'帽子','防晒保暖','medium','2025-10-28 07:53:26',NULL),(64,4,2,29,'手套','保护双手','medium','2025-10-28 07:53:26',NULL),(65,4,3,43,'头灯','夜间照明','high','2025-10-28 07:53:26',NULL),(66,4,3,44,'GPS设备','定位导航','medium','2025-10-28 07:53:26',NULL),(67,4,3,45,'对讲机','团队通讯','medium','2025-10-28 07:53:26',NULL),(68,4,3,39,'充电宝','电子设备供电','high','2025-10-28 07:53:26',NULL),(69,4,7,71,'帐篷','住宿装备','high','2025-10-28 07:53:26',NULL),(70,4,7,72,'睡袋','保暖装备','high','2025-10-28 07:53:26',NULL),(71,4,7,73,'防潮垫','防潮保暖','high','2025-10-28 07:53:26',NULL),(72,4,7,74,'登山杖','辅助行走','medium','2025-10-28 07:53:26',NULL),(73,4,7,75,'背包','装载装备','high','2025-10-28 07:53:26',NULL),(74,4,7,76,'水袋','饮水系统','high','2025-10-28 07:53:26',NULL),(75,4,5,62,'急救包','应急医疗','high','2025-10-28 07:53:26',NULL),(76,4,5,57,'常用药品','基础药品','medium','2025-10-28 07:53:26',NULL),(77,4,4,53,'防晒霜','防晒保护','medium','2025-10-28 07:53:26',NULL),(78,4,6,69,'高能量食品','补充能量','high','2025-10-28 07:53:26',NULL),(79,4,6,70,'压缩饼干','轻便食品','medium','2025-10-28 07:53:26',NULL),(80,4,9,82,'安全绳','安全保护','medium','2025-10-28 07:53:26',NULL),(81,4,9,83,'口哨','求救信号','low','2025-10-28 07:53:26',NULL),(103,6,1,1,'身份证','身份证明','high','2025-10-28 07:53:26',NULL),(104,6,1,3,'学生证','优惠凭证','medium','2025-10-28 07:53:26',NULL),(105,6,2,24,'速干衣','轻便易干','high','2025-10-28 07:53:26',NULL),(106,6,2,23,'冲锋衣','防风防雨','high','2025-10-28 07:53:26',NULL),(107,6,2,34,'牛仔裤','耐磨实用','high','2025-10-28 07:53:26',NULL),(108,6,2,35,'运动鞋','舒适行走','high','2025-10-28 07:53:26',NULL),(109,6,2,36,'拖鞋','住宿使用','medium','2025-10-28 07:53:26',NULL),(110,6,3,37,'手机','通讯导航','high','2025-10-28 07:53:26',NULL),(111,6,3,38,'充电器','设备充电','high','2025-10-28 07:53:26',NULL),(112,6,3,39,'充电宝','移动电源','high','2025-10-28 07:53:26',NULL),(113,6,3,40,'相机','记录旅行','low','2025-10-28 07:53:26',NULL),(114,6,4,56,'洗漱用品','个人清洁','high','2025-10-28 07:53:26',NULL),(115,6,4,50,'毛巾','个人用品','high','2025-10-28 07:53:26',NULL),(116,6,10,88,'洗衣粉','衣物清洁','low','2025-10-28 07:53:26',NULL),(117,6,5,57,'常用药品','基础药品','medium','2025-10-28 07:53:26',NULL),(118,6,5,58,'创可贴','小伤口处理','low','2025-10-28 07:53:26',NULL),(119,6,6,70,'压缩饼干','轻便食品','medium','2025-10-28 07:53:26',NULL),(120,6,6,66,'水杯','饮水工具','high','2025-10-28 07:53:26',NULL),(121,6,7,77,'大背包','装载装备','high','2025-10-28 07:53:26',NULL),(122,6,7,72,'睡袋','住宿装备','high','2025-10-28 07:53:26',NULL),(123,6,7,73,'防潮垫','防潮保暖','medium','2025-10-28 07:53:26',NULL),(124,6,9,84,'手电筒','夜间照明','medium','2025-10-28 07:53:26',NULL),(125,6,9,83,'口哨','求救信号','low','2025-10-28 07:53:26',NULL),(126,6,10,86,'雨伞','防雨用品','medium','2025-10-28 07:53:26',NULL),(127,6,10,87,'塑料袋','收纳防水','low','2025-10-28 07:53:26',NULL),(128,7,1,1,'身份证',NULL,'medium','2025-11-03 07:46:41',NULL),(129,7,1,3,'学生证',NULL,'medium','2025-11-03 07:46:41',NULL),(130,7,1,5,'机票',NULL,'medium','2025-11-03 07:46:41',NULL),(131,7,1,9,'酒店预订单',NULL,'medium','2025-11-03 07:46:41',NULL),(132,7,2,11,'换洗衣物',NULL,'medium','2025-11-03 07:46:41',NULL),(133,7,2,12,'内衣裤',NULL,'medium','2025-11-03 07:46:41',NULL),(134,7,2,13,'袜子',NULL,'medium','2025-11-03 07:46:41',NULL),(135,7,2,14,'舒适鞋子',NULL,'medium','2025-11-03 07:46:41',NULL),(136,7,2,15,'外套',NULL,'medium','2025-11-03 07:46:41',NULL),(137,7,3,37,'手机',NULL,'medium','2025-11-03 07:46:41',NULL),(138,7,3,38,'充电器',NULL,'medium','2025-11-03 07:46:41',NULL),(139,7,3,39,'充电宝',NULL,'medium','2025-11-03 07:46:41',NULL),(140,7,3,40,'相机',NULL,'medium','2025-11-03 07:46:41',NULL),(141,7,4,48,'牙刷',NULL,'medium','2025-11-03 07:46:41',NULL),(142,7,4,49,'牙膏',NULL,'medium','2025-11-03 07:46:41',NULL),(143,7,4,50,'毛巾',NULL,'medium','2025-11-03 07:46:41',NULL),(144,7,4,51,'洗发水',NULL,'medium','2025-11-03 07:46:41',NULL),(145,7,4,52,'沐浴露',NULL,'medium','2025-11-03 07:46:41',NULL),(146,7,10,86,'雨伞',NULL,'medium','2025-11-03 07:46:41',NULL),(147,7,7,75,'背包',NULL,'medium','2025-11-03 07:46:41',NULL),(172,1,3,40,'相机','记录美好时光','low','2025-11-06 09:10:38',NULL),(173,1,5,58,'创可贴','小伤口处理','low','2025-11-06 09:10:38',NULL),(174,1,6,65,'零食','路上解馋用','low','2025-11-06 09:10:38',NULL),(175,1,1,3,'学生证/老年证','如有优惠证件请携带','medium','2025-11-06 09:10:38',NULL),(176,1,2,15,'外套','根据目的地天气准备','medium','2025-11-06 09:10:38',NULL),(177,1,3,39,'充电宝','移动电源备用','medium','2025-11-06 09:10:38',NULL),(178,1,4,51,'洗发水','小瓶装即可','medium','2025-11-06 09:10:38',NULL),(179,1,4,52,'沐浴露','小瓶装即可','medium','2025-11-06 09:10:38',NULL),(180,1,5,57,'常用药品','感冒药、止痛药等','medium','2025-11-06 09:10:38',NULL),(181,1,6,66,'水杯','环保饮水','medium','2025-11-06 09:10:38',NULL),(182,1,1,1,'身份证','必须携带，用于住宿登记','high','2025-11-06 09:10:38',NULL),(183,1,2,11,'换洗衣物','根据天气准备3-4套','high','2025-11-06 09:10:38',NULL),(184,1,2,12,'内衣裤','准备足够的内衣裤','high','2025-11-06 09:10:38',NULL),(185,1,2,13,'袜子','准备3-4双袜子','high','2025-11-06 09:10:38',NULL),(186,1,2,14,'舒适鞋子','适合步行的鞋子','high','2025-11-06 09:10:38',NULL),(187,1,3,37,'手机','保持通讯畅通','high','2025-11-06 09:10:38',NULL),(188,1,3,38,'手机充电器','确保手机有电','high','2025-11-06 09:10:38',NULL),(189,1,4,48,'牙刷','个人清洁用品','high','2025-11-06 09:10:38',NULL),(190,1,4,49,'牙膏','个人清洁用品','high','2025-11-06 09:10:38',NULL),(191,1,4,50,'毛巾','个人清洁用品','high','2025-11-06 09:10:38',NULL),(192,1,1,2,'护照',NULL,'medium','2025-11-06 09:10:38',NULL),(278,5,2,16,'泳衣','海滩度假','low','2025-11-06 09:15:55',NULL),(279,5,3,47,'翻译器','语言沟通','low','2025-11-06 09:15:55',NULL),(280,5,6,65,'零食','路上解馋','low','2025-11-06 09:15:55',NULL),(281,5,1,1,'身份证','国内身份证明','medium','2025-11-06 09:15:55',NULL),(282,5,2,18,'正装','正式场合穿着','medium','2025-11-06 09:15:55',NULL),(283,5,2,30,'太阳镜','防晒护眼','medium','2025-11-06 09:15:55',NULL),(284,5,3,40,'相机','记录旅行','medium','2025-11-06 09:15:55',NULL),(285,5,4,53,'防晒霜','防晒保护','medium','2025-11-06 09:15:55',NULL),(286,5,6,66,'水杯','饮水工具','medium','2025-11-06 09:15:55',NULL),(287,5,8,81,'行程单','旅行计划','medium','2025-11-06 09:15:55',NULL),(288,5,1,2,'护照','国际旅行必备','high','2025-11-06 09:15:55',NULL),(289,5,1,6,'签证','入境许可','high','2025-11-06 09:15:55',NULL),(290,5,1,5,'机票','交通凭证','high','2025-11-06 09:15:55',NULL),(291,5,1,9,'酒店预订单','住宿凭证','high','2025-11-06 09:15:55',NULL),(292,5,2,11,'换洗衣物','根据目的地气候','high','2025-11-06 09:15:55',NULL),(293,5,3,37,'手机','国际通讯','high','2025-11-06 09:15:55',NULL),(294,5,3,46,'国际充电器','多国插头','high','2025-11-06 09:15:55',NULL),(295,5,4,56,'洗漱用品','个人清洁','high','2025-11-06 09:15:55',NULL),(296,5,5,57,'常用药品','基础药品','high','2025-11-06 09:15:55',NULL),(297,5,5,63,'处方药','个人处方药','high','2025-11-06 09:15:55',NULL),(298,5,1,10,'旅行保险单','保险凭证','high','2025-11-06 09:15:55',NULL),(301,8,2,21,'皮鞋','商务场合穿着','medium',NULL,NULL),(302,8,1,100,'准考证','','medium',NULL,NULL),(328,9,6,96,'草莓','','medium',NULL,NULL),(329,9,6,101,'香蕉','','medium',NULL,NULL),(330,9,1,100,'准考证','','medium',NULL,NULL),(331,9,6,102,'白巧克力','','medium',NULL,NULL),(350,12,8,109,'书包','','medium',NULL,NULL),(351,12,3,108,'蓝牙耳机','','medium',NULL,NULL),(352,12,6,107,'奶油','','medium',NULL,NULL),(359,10,6,103,'牛奶','','medium',NULL,NULL),(360,10,2,13,'袜子','','medium',NULL,NULL),(361,10,6,96,'草莓','','medium',NULL,NULL);
/*!40000 ALTER TABLE `template_items` ENABLE KEYS */;
UNLOCK TABLES;

--
-- Table structure for table `trip_templates`
--

DROP TABLE IF EXISTS `trip_templates`;
/*!40101 SET @saved_cs_client     = @@character_set_client */;
/*!50503 SET character_set_client = utf8mb4 */;
CREATE TABLE `trip_templates` (
  `id` int NOT NULL AUTO_INCREMENT,
  `name` mediumtext CHARACTER SET utf8mb4 COLLATE utf8mb4_0900_ai_ci,
  `description` mediumtext CHARACTER SET utf8mb4 COLLATE utf8mb4_0900_ai_ci,
  `destination` mediumtext CHARACTER SET utf8mb4 COLLATE utf8mb4_0900_ai_ci,
  `duration` int DEFAULT NULL,
  `type` char(8) CHARACTER SET utf8mb4 COLLATE utf8mb4_0900_ai_ci DEFAULT NULL,
  `tags` longtext CHARACTER SET utf8mb4 COLLATE utf8mb4_0900_ai_ci,
  `is_public` tinyint DEFAULT NULL,
  `created_by` int DEFAULT NULL,
  `created_at` timestamp NULL DEFAULT NULL,
  `updated_at` timestamp NULL DEFAULT NULL,
  `is_status` int DEFAULT '0',
  `result` mediumtext CHARACTER SET utf8mb4 COLLATE utf8mb4_0900_ai_ci,
  PRIMARY KEY (`id`) USING BTREE,
  UNIQUE KEY `trip_templates_id_uindex` (`id`) USING BTREE,
  KEY `idx_trip_templates_created_by` (`created_by`) USING BTREE
) ENGINE=InnoDB AUTO_INCREMENT=14 DEFAULT CHARSET=utf8mb4 COLLATE=utf8mb4_0900_ai_ci COMMENT='行程模板表';
/*!40101 SET character_set_client = @saved_cs_client */;

--
-- Dumping data for table `trip_templates`
--

LOCK TABLES `trip_templates` WRITE;
/*!40000 ALTER TABLE `trip_templates` DISABLE KEYS */;
INSERT INTO `trip_templates` (`id`, `name`, `description`, `destination`, `duration`, `type`, `tags`, `is_public`, `created_by`, `created_at`, `updated_at`, `is_status`, `result`) VALUES (1,'国内短途旅游模板','适合3-5天国内短途旅游的必备物品清单','国内',4,'tourism','[\"短途\", \"国内\", \"旅游\"]',1,NULL,'2025-10-28 07:53:26','2025-11-10 09:21:56',1,'12345'),(2,'商务出差模板','商务出差必备物品清单，包含办公用品','不限',7,'business','[\"商务\", \"出差\", \"办公\"]',1,NULL,'2025-10-28 07:53:26','2025-11-03 06:41:13',1,NULL),(3,'家庭度假模板','适合家庭出行的物品清单，考虑儿童需求','不限',5,'family','[\"家庭\", \"度假\", \"儿童\"]',1,NULL,'2025-10-28 07:53:26','2025-11-03 06:58:23',0,NULL),(4,'户外徒步模板','户外徒步旅行必备物品清单','山区',7,'other','[\"户外\", \"徒步\", \"登山\"]',1,NULL,'2025-10-28 07:53:26','2025-11-03 06:41:13',1,NULL),(5,'国际旅行模板','国际旅行必备物品清单，包含签证等','国际11',10,'tourism','[\"国际\", \"旅行\", \"签证\"]',1,NULL,'2025-10-28 07:53:26','2025-11-06 09:15:56',0,NULL),(6,'背包客穷游模板','背包客穷游必备物品清单','不限',15,'other','[\"背包客\", \"穷游\", \"长期\"]',1,NULL,'2025-10-28 07:53:26','2025-11-03 06:41:13',1,NULL),(7,'国庆凤凰七日游','国庆期间，携同学朋友前往凤凰古城游玩，爽哉，爽哉','凤凰古城',7,'tourism','[\"凤凰古城\", \"美景\", \"竹楼\"]',0,11,'2025-11-03 07:46:41','2025-11-03 07:49:38',0,NULL),(9,'计算机考试','1','1',1,'other','',0,11,'2025-11-17 09:59:21','2025-11-26 14:11:35',0,NULL),(10,'测试','111','北京',3,'tourism','',1,11,'2025-11-26 11:20:57','2025-12-11 03:04:54',0,NULL),(12,'123','123','123',14,'family','1,2,3',1,13,'2025-12-01 07:17:46','2025-12-01 11:44:13',2,'111111');
/*!40000 ALTER TABLE `trip_templates` ENABLE KEYS */;
UNLOCK TABLES;

--
-- Table structure for table `trips`
--

DROP TABLE IF EXISTS `trips`;
/*!40101 SET @saved_cs_client     = @@character_set_client */;
/*!50503 SET character_set_client = utf8mb4 */;
CREATE TABLE `trips` (
  `id` int NOT NULL AUTO_INCREMENT,
  `user_id` int DEFAULT NULL,
  `name` varchar(100) CHARACTER SET utf8mb4 COLLATE utf8mb4_0900_ai_ci DEFAULT NULL,
  `destination` mediumtext CHARACTER SET utf8mb4 COLLATE utf8mb4_0900_ai_ci,
  `start_date` date DEFAULT NULL,
  `end_date` date DEFAULT NULL,
  `duration` int DEFAULT NULL,
  `travelers` int DEFAULT NULL,
  `type` char(8) CHARACTER SET utf8mb4 COLLATE utf8mb4_0900_ai_ci DEFAULT NULL,
  `budget` char(7) CHARACTER SET utf8mb4 COLLATE utf8mb4_0900_ai_ci DEFAULT NULL,
  `description` mediumtext CHARACTER SET utf8mb4 COLLATE utf8mb4_0900_ai_ci,
  `special_needs` mediumtext CHARACTER SET utf8mb4 COLLATE utf8mb4_0900_ai_ci,
  `status` char(9) CHARACTER SET utf8mb4 COLLATE utf8mb4_0900_ai_ci DEFAULT NULL,
  `checked_items` int DEFAULT NULL,
  `total_items` int DEFAULT NULL,
  `progress` int DEFAULT NULL,
  `created_at` timestamp NULL DEFAULT NULL,
  `updated_at` timestamp NULL DEFAULT NULL,
  `location_id` mediumtext CHARACTER SET utf8mb4 COLLATE utf8mb4_0900_ai_ci,
  `img` mediumtext CHARACTER SET utf8mb4 COLLATE utf8mb4_0900_ai_ci,
  PRIMARY KEY (`id`) USING BTREE
) ENGINE=InnoDB AUTO_INCREMENT=99 DEFAULT CHARSET=utf8mb4 COLLATE=utf8mb4_0900_ai_ci COMMENT='行程表';
/*!40101 SET character_set_client = @saved_cs_client */;

--
-- Dumping data for table `trips`
--

LOCK TABLES `trips` WRITE;
/*!40000 ALTER TABLE `trips` DISABLE KEYS */;
INSERT INTO `trips` (`id`, `user_id`, `name`, `destination`, `start_date`, `end_date`, `duration`, `travelers`, `type`, `budget`, `description`, `special_needs`, `status`, `checked_items`, `total_items`, `progress`, `created_at`, `updated_at`, `location_id`, `img`) VALUES (66,11,'广东省·汕尾·城区','广东省·汕尾·城区','2025-11-28','2025-11-30',3,1,'family',NULL,'1','1','preparing',8,26,31,'2025-11-26 15:27:55','2025-12-05 07:22:17','101282105','http://img95.699pic.com/photo/50157/4436.jpg_wh300.jpg!/fh/300/quality/90'),(67,11,'湖南省·长沙·长沙','湖南省·长沙·长沙','2025-11-30','2025-12-24',25,1111,'business',NULL,'1111','11','preparing',0,6,0,'2025-11-29 13:22:46','2025-12-11 07:42:03','101250101','https://pic.vjshi.com/2022-08-22/af79464cebba4e7ca34567fda9849a3a/00002.jpg?x-oss-process=style/watermark'),(69,11,'江苏省·南京·玄武','江苏省·南京·玄武','2025-12-02','2025-12-05',4,2,'tourism',NULL,'111','11','preparing',2,6,33,'2025-12-01 10:20:38','2025-12-10 11:42:49','101190108','http://pic.kuaizhan.com/g3/cc/1f/4a82-cf8e-4273-b84d-2b1c366b60c527'),(72,11,'江西省·南昌·南昌','江西省·南昌·南昌','2025-12-09','2025-12-13',5,2,'tourism',NULL,'1','1','completed',4,4,100,'2025-12-02 08:12:36','2025-12-10 11:42:46','101240101','http://e0.ifengimg.com/08/2019/0112/08D70519FEFCDABF679131CB7A2FCC40BC5F45CD_size534_w1600_h795.jpeg'),(76,11,'江西省·南昌·南昌1','江西省·南昌·南昌','2025-12-05','2025-12-09',5,2,'tourism',NULL,'1','1','completed',2,4,50,'2025-12-04 07:04:09','2025-12-10 11:42:35','101240101','https://tse2-mm.cn.bing.net/th/id/OIP-C.Ph95ffJldrLRAiT0fpk1KQHaE7'),(77,11,'北京市·北京·北京','北京市·北京·西城','2025-12-05','2025-12-07',3,2,'business',NULL,'1','1','completed',5,5,100,'2025-12-04 07:09:18','2025-12-11 03:08:25','101011700','https://tse2-mm.cn.bing.net/th/id/OIP-C.b45cj7AAUYV-_wuphhTCOAHaE7'),(78,14,'上海旅游','上海市·上海·嘉定','2025-12-05','2025-12-07',3,1,'tourism',NULL,'看风景，娱乐，吃饭','','completed',25,25,100,'2025-12-04 08:58:19','2025-12-21 10:48:43','101020500','http://seopic.699pic.com/photo/50008/0493.jpg_wh1200.jpg'),(79,14,'上海旅游','上海市·上海·嘉定','2025-12-05','2025-12-07',3,1,'tourism',NULL,'看风景，娱乐，吃饭','','preparing',25,25,100,'2025-12-04 08:58:19','2025-12-04 09:50:25','101020500','http://seopic.699pic.com/photo/50008/0493.jpg_wh1200.jpg'),(82,3,'东莞','東京都·西東京市·西東京市','2025-12-06','2025-12-07',2,1,'tourism',NULL,'1','1','preparing',20,20,100,'2025-12-05 06:37:36','2025-12-05 06:57:37','5A621','https://cn.bing.com/th?id=OHR.TokyoMetropolis_ZH-CN2580870845_1920x1080.jpg&rf=LaDigue_1920x1080.jpg&pid=hp'),(92,13,'123','東京都·東京·東京','2025-12-09','2025-12-10',2,5,'tourism',NULL,'1','2','preparing',17,20,85,'2025-12-08 08:19:06','2026-01-06 16:07:15','65E77','https://www.10wallpaper.com/wallpaper/2560x1600/1810/Japan_Tokyo_Dream_City_Tokyo_Tower_Night_view_2560x1600.jpg'),(93,13,'132','東京都·東京·東京','2025-12-09','2025-12-10',2,5,'tourism',NULL,'1','2','completed',20,20,100,'2025-12-08 08:38:34','2025-12-09 12:48:42','65E77','https://cn.bing.com/th?id=OHR.TokyoMetropolis_ZH-CN2580870845_1920x1080.jpg&rf=LaDigue_1920x1080.jpg&pid=hp'),(94,13,'哪次','東京都·東京·東京','2025-12-09','2025-12-10',2,5,'tourism',NULL,'1','2','completed',42,42,100,'2025-12-08 09:16:26','2025-12-10 09:00:10','65E77','https://cn.bing.com/th?id=OHR.TokyoMetropolis_ZH-CN2580870845_1920x1080.jpg&rf=LaDigue_1920x1080.jpg&pid=hp'),(96,11,'北京市·北京·北京','北京市·北京·北京','2025-12-11','2025-12-13',3,2,'tourism',NULL,'1','1','preparing',0,4,0,'2025-12-10 11:40:11','2025-12-11 03:08:27','101010100','https://tse1-mm.cn.bing.net/th/id/OIP-C.dvMYzRCfkJ1Hw6aNb8K9SgHaE7'),(97,11,'湖北省·宜昌·宜昌','湖北省·宜昌·宜昌','2025-12-12','2025-12-15',4,1,'business',NULL,'1','1','completed',24,24,100,'2025-12-11 01:54:39','2025-12-11 01:57:30','101200901','https://tse2-mm.cn.bing.net/th/id/OIP-C.lyx7g2AewI71FiXY6u5hlwHaFj'),(98,13,'江苏省·南京·南京','江苏省·南京·南京','2026-01-08','2026-01-09',2,5,'tourism',NULL,'1','2','preparing',0,21,0,'2026-01-06 16:10:32','2026-01-06 16:13:35','101190101','https://tour.jschina.com.cn/mzyj/202208/W020220823341727169713.jpg');
/*!40000 ALTER TABLE `trips` ENABLE KEYS */;
UNLOCK TABLES;

--
-- Table structure for table `users`
--

DROP TABLE IF EXISTS `users`;
/*!40101 SET @saved_cs_client     = @@character_set_client */;
/*!50503 SET character_set_client = utf8mb4 */;
CREATE TABLE `users` (
  `id` int NOT NULL AUTO_INCREMENT,
  `username` mediumtext CHARACTER SET utf8mb4 COLLATE utf8mb4_0900_ai_ci,
  `name` mediumtext CHARACTER SET utf8mb4 COLLATE utf8mb4_0900_ai_ci,
  `gender` char(6) CHARACTER SET utf8mb4 COLLATE utf8mb4_0900_ai_ci DEFAULT NULL,
  `birthday` date DEFAULT NULL,
  `avatar` mediumtext CHARACTER SET utf8mb4 COLLATE utf8mb4_0900_ai_ci,
  `bio` mediumtext CHARACTER SET utf8mb4 COLLATE utf8mb4_0900_ai_ci,
  `created_at` timestamp NULL DEFAULT NULL,
  `updated_at` timestamp NULL DEFAULT NULL,
  `is_status` int DEFAULT '0',
  `content` mediumtext CHARACTER SET utf8mb4 COLLATE utf8mb4_0900_ai_ci,
  `identity` int DEFAULT '0',
  `open_id` varchar(200) CHARACTER SET utf8mb4 COLLATE utf8mb4_0900_ai_ci DEFAULT NULL COMMENT 'id',
  PRIMARY KEY (`id`) USING BTREE,
  UNIQUE KEY `users_id_uindex` (`id`) USING BTREE
) ENGINE=InnoDB AUTO_INCREMENT=15 DEFAULT CHARSET=utf8mb4 COLLATE=utf8mb4_0900_ai_ci COMMENT='用户表';
/*!40101 SET character_set_client = @saved_cs_client */;

--
-- Dumping data for table `users`
--

LOCK TABLES `users` WRITE;
/*!40000 ALTER TABLE `users` DISABLE KEYS */;
INSERT INTO `users` (`id`, `username`, `name`, `gender`, `birthday`, `avatar`, `bio`, `created_at`, `updated_at`, `is_status`, `content`, `identity`, `open_id`) VALUES (1,'zhangsan','张三','女','1990-05-15','https://tse1-mm.cn.bing.net/th/id/OIP-C.asQz8akK0KO67sfhccOpLAHaNK?w=187&h=333&c=7&r=0&o=5&pid=1.7','1111','2025-10-28 07:53:26','2025-12-01 12:16:50',0,NULL,0,NULL),(2,'lisi','李四','女','1988-08-20','https://tse1-mm.cn.bing.net/th/id/OIP-C.asQz8akK0KO67sfhccOpLAHaNK?w=187&h=333&c=7&r=0&o=5&pid=1.7','商务出行专家','2025-10-28 07:53:26','2025-12-01 12:15:11',1,'你已经被封禁',0,NULL),(3,'wangwu','王五','女','1992-12-10','https://tse1-mm.cn.bing.net/th/id/OIP-C.asQz8akK0KO67sfhccOpLAHaNK?w=187&h=333&c=7&r=0&o=5&pid=1.7','家庭旅行爱好者','2025-10-28 07:53:26','2025-10-29 03:16:17',0,NULL,0,NULL),(4,'zhaoliu','赵六','女','1985-03-25','https://tse1-mm.cn.bing.net/th/id/OIP-C.asQz8akK0KO67sfhccOpLAHaNK?w=187&h=333&c=7&r=0&o=5&pid=1.7','户外运动达人','2025-10-28 07:53:26','2025-10-29 03:16:17',0,NULL,0,NULL),(5,'qianqi','钱七','女','1995-07-08','https://tse1-mm.cn.bing.net/th/id/OIP-C.asQz8akK0KO67sfhccOpLAHaNK?w=187&h=333&c=7&r=0&o=5&pid=1.7','背包客','2025-10-28 07:53:26','2025-10-29 03:16:17',0,NULL,0,NULL),(6,'Boss','Boss','女','1995-07-08','https://tse1-mm.cn.bing.net/th/id/OIP-C.asQz8akK0KO67sfhccOpLAHaNK?w=187&h=333&c=7&r=0&o=5&pid=1.7',NULL,'2025-10-29 03:16:04','2025-11-06 07:01:54',0,NULL,0,NULL),(7,'Jay','游客','女','1995-07-08','https://tse1-mm.cn.bing.net/th/id/OIP-C.asQz8akK0KO67sfhccOpLAHaNK?w=187&h=333&c=7&r=0&o=5&pid=1.7','','2025-11-06 03:06:00','2025-12-02 13:56:51',0,NULL,0,'userUse'),(11,'wx_oUy5h16P_182100','IY','男','2025-11-01','https://tse1-mm.cn.bing.net/th/id/OIP-C.asQz8akK0KO67sfhccOpLAHaNK?w=187&h=333&c=7&r=0&o=5&pid=1.7','1111','2025-11-27 03:29:42','2025-12-10 02:26:14',0,NULL,1,'oUy5h16P_W9lwAd2xiYMykCtW7t8'),(12,'wx_oBmJD1yh_948546','张三','男','2012-08-04','https://thirdwx.qlogo.cn/mmopen/vi_32/POgEwh4mIHO4nibH0KlMECNjjGxQUq24ZEaGT4poC6icRiccVGKSyXwibcPq4BWmiaIGuG1icwxaQX6grC9VemZoJ8rg/132','开心','2025-12-03 12:45:49','2025-12-04 12:38:24',0,NULL,1,'oBmJD1yhUoQJzgR6aWfbAP5jjur0');
/*!40000 ALTER TABLE `users` ENABLE KEYS */;
UNLOCK TABLES;

--
-- Dumping events for database 'check'
--

--
-- Dumping routines for database 'check'
--
/*!40103 SET TIME_ZONE=@OLD_TIME_ZONE */;

/*!40101 SET SQL_MODE=@OLD_SQL_MODE */;
/*!40014 SET FOREIGN_KEY_CHECKS=@OLD_FOREIGN_KEY_CHECKS */;
/*!40014 SET UNIQUE_CHECKS=@OLD_UNIQUE_CHECKS */;
/*!40101 SET CHARACTER_SET_CLIENT=@OLD_CHARACTER_SET_CLIENT */;
/*!40101 SET CHARACTER_SET_RESULTS=@OLD_CHARACTER_SET_RESULTS */;
/*!40101 SET COLLATION_CONNECTION=@OLD_COLLATION_CONNECTION */;
/*!40111 SET SQL_NOTES=@OLD_SQL_NOTES */;

-- Dump completed on 2026-01-07 11:49:22
-- AI Builder Previews Table
DROP TABLE IF EXISTS i_builder_previews;
CREATE TABLE i_builder_previews (
  id int NOT NULL AUTO_INCREMENT,
  user_id int NOT NULL COMMENT '用户ID',
  	itle varchar(255) DEFAULT NULL COMMENT '站点标题',
  idea text COMMENT '用户输入的想法',
  	heme varchar(50) DEFAULT NULL COMMENT '主题风格',
  	one varchar(50) DEFAULT NULL COMMENT '语气',
  prompt text COMMENT '生成的提示词',
  html mediumtext COMMENT '生成的HTML',
  css mediumtext COMMENT '生成的CSS',
  status int DEFAULT '0' COMMENT '0:Pending, 1:Ready, 2:Deployed, -1:Failed',
  deployment_url varchar(500) DEFAULT NULL COMMENT '部署链接',
  platform varchar(50) DEFAULT NULL COMMENT '部署平台',
  generation_time_ms bigint DEFAULT NULL COMMENT '生成耗时',
  error_message text COMMENT '错误信息',
  created_at timestamp NULL DEFAULT CURRENT_TIMESTAMP,
  updated_at timestamp NULL DEFAULT CURRENT_TIMESTAMP ON UPDATE CURRENT_TIMESTAMP,
  PRIMARY KEY (id)
) ENGINE=InnoDB DEFAULT CHARSET=utf8mb4 COLLATE=utf8mb4_0900_ai_ci COMMENT='AI生成站点预览表';
